"Date","Day","State","Cases","Death","Population","Cases_Percent","Death_Percent"
2020-03-25,0,"Alabama",381,1,4903185,0.0000777,0.0000002
2020-03-26,1,"Alabama",517,1,4903185,0.00010544,0.0000002
2020-03-27,2,"Alabama",587,4,4903185,0.00011972,0.00000082
2020-03-28,3,"Alabama",694,4,4903185,0.00014154,0.00000082
2020-03-29,4,"Alabama",825,10,4903185,0.00016826,0.00000204
2020-03-30,5,"Alabama",899,10,4903185,0.00018335,0.00000204
2020-03-31,6,"Alabama",987,23,4903185,0.0002013,0.00000469
2020-04-01,7,"Alabama",1060,27,4903185,0.00021619,0.00000551
2020-04-02,8,"Alabama",1233,32,4903185,0.00025147,0.00000653
2020-04-03,9,"Alabama",1495,38,4903185,0.0003049,0.00000775
2020-04-04,10,"Alabama",1614,44,4903185,0.00032917,0.00000897
2020-03-25,0,"Alaska",41,1,731545,0.00005605,0.00000137
2020-03-26,1,"Alaska",56,1,731545,0.00007655,0.00000137
2020-03-27,2,"Alaska",58,1,731545,0.00007928,0.00000137
2020-03-28,3,"Alaska",85,2,731545,0.00011619,0.00000273
2020-03-29,4,"Alaska",102,2,731545,0.00013943,0.00000273
2020-03-30,5,"Alaska",114,3,731545,0.00015583,0.0000041
2020-03-31,6,"Alaska",119,3,731545,0.00016267,0.0000041
2020-04-01,7,"Alaska",132,3,731545,0.00018044,0.0000041
2020-04-02,8,"Alaska",143,3,731545,0.00019548,0.0000041
2020-04-03,9,"Alaska",157,3,731545,0.00021461,0.0000041
2020-04-04,10,"Alaska",171,5,731545,0.00023375,0.00000683
2020-03-21,0,"Arizona",104,1,7278717,0.00001429,0.00000014
2020-03-22,1,"Arizona",152,2,7278717,0.00002088,0.00000027
2020-03-23,2,"Arizona",235,2,7278717,0.00003229,0.00000027
2020-03-24,3,"Arizona",326,5,7278717,0.00004479,0.00000069
2020-03-25,4,"Arizona",401,6,7278717,0.00005509,0.00000082
2020-03-26,5,"Arizona",508,8,7278717,0.00006979,0.0000011
2020-03-27,6,"Arizona",665,13,7278717,0.00009136,0.00000179
2020-03-28,7,"Arizona",773,15,7278717,0.0001062,0.00000206
2020-03-29,8,"Arizona",919,17,7278717,0.00012626,0.00000234
2020-03-30,9,"Arizona",1157,20,7278717,0.00015896,0.00000275
2020-03-31,10,"Arizona",1289,24,7278717,0.00017709,0.0000033
2020-04-01,11,"Arizona",1530,29,7278717,0.0002102,0.00000398
2020-04-02,12,"Arizona",1715,32,7278717,0.00023562,0.0000044
2020-04-03,13,"Arizona",1937,41,7278717,0.00026612,0.00000563
2020-04-04,14,"Arizona",2187,52,7278717,0.00030047,0.00000714
2020-03-24,0,"Arkansas",219,2,3017804,0.00007257,0.00000066
2020-03-25,1,"Arkansas",280,2,3017804,0.00009278,0.00000066
2020-03-26,2,"Arkansas",335,2,3017804,0.00011101,0.00000066
2020-03-27,3,"Arkansas",381,3,3017804,0.00012625,0.00000099
2020-03-28,4,"Arkansas",409,5,3017804,0.00013553,0.00000166
2020-03-29,5,"Arkansas",426,6,3017804,0.00014116,0.00000199
2020-03-30,6,"Arkansas",473,7,3017804,0.00015674,0.00000232
2020-03-31,7,"Arkansas",523,8,3017804,0.0001733,0.00000265
2020-04-01,8,"Arkansas",584,10,3017804,0.00019352,0.00000331
2020-04-02,9,"Arkansas",643,12,3017804,0.00021307,0.00000398
2020-04-03,10,"Arkansas",704,12,3017804,0.00023328,0.00000398
2020-04-04,11,"Arkansas",743,14,3017804,0.00024621,0.00000464
2020-03-04,0,"California",35,1,39512223,0.00000089,0.00000003
2020-03-05,1,"California",51,1,39512223,0.00000129,0.00000003
2020-03-06,2,"California",59,1,39512223,0.00000149,0.00000003
2020-03-07,3,"California",81,1,39512223,0.00000205,0.00000003
2020-03-08,4,"California",95,1,39512223,0.0000024,0.00000003
2020-03-09,5,"California",101,1,39512223,0.00000256,0.00000003
2020-03-10,6,"California",144,2,39512223,0.00000364,0.00000005
2020-03-11,7,"California",178,4,39512223,0.0000045,0.0000001
2020-03-12,8,"California",221,4,39512223,0.00000559,0.0000001
2020-03-13,9,"California",281,4,39512223,0.00000711,0.0000001
2020-03-14,10,"California",372,3,39512223,0.00000941,0.00000008
2020-03-15,11,"California",373,5,39512223,0.00000944,0.00000013
2020-03-16,12,"California",557,7,39512223,0.0000141,0.00000018
2020-03-17,13,"California",700,12,39512223,0.00001772,0.0000003
2020-03-18,14,"California",828,16,39512223,0.00002096,0.0000004
2020-03-19,15,"California",1005,18,39512223,0.00002544,0.00000046
2020-03-20,16,"California",1243,24,39512223,0.00003146,0.00000061
2020-03-21,17,"California",1405,25,39512223,0.00003556,0.00000063
2020-03-22,18,"California",1646,30,39512223,0.00004166,0.00000076
2020-03-23,19,"California",2108,39,39512223,0.00005335,0.00000099
2020-03-24,20,"California",2538,50,39512223,0.00006423,0.00000127
2020-03-25,21,"California",2998,65,39512223,0.00007588,0.00000165
2020-03-26,22,"California",3899,81,39512223,0.00009868,0.00000205
2020-03-27,23,"California",4657,94,39512223,0.00011786,0.00000238
2020-03-28,24,"California",5095,110,39512223,0.00012895,0.00000278
2020-03-29,25,"California",5852,124,39512223,0.00014811,0.00000314
2020-03-30,26,"California",7138,146,39512223,0.00018065,0.0000037
2020-03-31,27,"California",8210,173,39512223,0.00020778,0.00000438
2020-04-01,28,"California",9399,199,39512223,0.00023788,0.00000504
2020-04-02,29,"California",10773,238,39512223,0.00027265,0.00000602
2020-04-03,30,"California",12004,265,39512223,0.0003038,0.00000671
2020-04-04,31,"California",12837,289,39512223,0.00032489,0.00000731
2020-03-13,0,"Colorado",76,1,5758736,0.0000132,0.00000017
2020-03-15,2,"Colorado",99,1,5758736,0.00001719,0.00000017
2020-03-16,3,"Colorado",132,1,5758736,0.00002292,0.00000017
2020-03-17,4,"Colorado",167,2,5758736,0.000029,0.00000035
2020-03-18,5,"Colorado",218,2,5758736,0.00003786,0.00000035
2020-03-19,6,"Colorado",277,4,5758736,0.0000481,0.00000069
2020-03-20,7,"Colorado",363,4,5758736,0.00006303,0.00000069
2020-03-21,8,"Colorado",475,6,5758736,0.00008248,0.00000104
2020-03-22,9,"Colorado",591,6,5758736,0.00010263,0.00000104
2020-03-23,10,"Colorado",704,7,5758736,0.00012225,0.00000122
2020-03-24,11,"Colorado",723,8,5758736,0.00012555,0.00000139
2020-03-25,12,"Colorado",1021,16,5758736,0.0001773,0.00000278
2020-03-26,13,"Colorado",1430,19,5758736,0.00024832,0.0000033
2020-03-27,14,"Colorado",1433,27,5758736,0.00024884,0.00000469
2020-03-28,15,"Colorado",1740,31,5758736,0.00030215,0.00000538
2020-03-29,16,"Colorado",2307,47,5758736,0.00040061,0.00000816
2020-03-30,17,"Colorado",2311,47,5758736,0.0004013,0.00000816
2020-03-31,18,"Colorado",2966,69,5758736,0.00051504,0.00001198
2020-04-01,19,"Colorado",2982,69,5758736,0.00051782,0.00001198
2020-04-02,20,"Colorado",3342,80,5758736,0.00058034,0.00001389
2020-04-03,21,"Colorado",3742,97,5758736,0.0006498,0.00001684
2020-04-04,22,"Colorado",4188,111,5758736,0.00072724,0.00001928
2020-03-18,0,"Connecticut",96,1,3565287,0.00002693,0.00000028
2020-03-19,1,"Connecticut",159,3,3565287,0.0000446,0.00000084
2020-03-20,2,"Connecticut",194,4,3565287,0.00005441,0.00000112
2020-03-21,3,"Connecticut",194,4,3565287,0.00005441,0.00000112
2020-03-22,4,"Connecticut",327,8,3565287,0.00009172,0.00000224
2020-03-23,5,"Connecticut",415,10,3565287,0.0001164,0.0000028
2020-03-24,6,"Connecticut",618,12,3565287,0.00017334,0.00000337
2020-03-25,7,"Connecticut",875,19,3565287,0.00024542,0.00000533
2020-03-26,8,"Connecticut",1012,21,3565287,0.00028385,0.00000589
2020-03-27,9,"Connecticut",1291,27,3565287,0.0003621,0.00000757
2020-03-28,10,"Connecticut",1524,33,3565287,0.00042746,0.00000926
2020-03-29,11,"Connecticut",1993,34,3565287,0.000559,0.00000954
2020-03-30,12,"Connecticut",2571,36,3565287,0.00072112,0.0000101
2020-03-31,13,"Connecticut",3128,69,3565287,0.00087735,0.00001935
2020-04-01,14,"Connecticut",3557,85,3565287,0.00099768,0.00002384
2020-04-02,15,"Connecticut",3824,112,3565287,0.00107256,0.00003141
2020-04-03,16,"Connecticut",4914,131,3565287,0.00137829,0.00003674
2020-04-04,17,"Connecticut",5276,165,3565287,0.00147982,0.00004628
2020-03-26,0,"Delaware",130,1,973764,0.0001335,0.00000103
2020-03-27,1,"Delaware",163,2,973764,0.00016739,0.00000205
2020-03-28,2,"Delaware",214,5,973764,0.00021977,0.00000513
2020-03-29,3,"Delaware",232,6,973764,0.00023825,0.00000616
2020-03-30,4,"Delaware",264,6,973764,0.00027111,0.00000616
2020-03-31,5,"Delaware",319,10,973764,0.00032759,0.00001027
2020-04-01,6,"Delaware",368,11,973764,0.00037791,0.0000113
2020-04-02,7,"Delaware",393,12,973764,0.00040359,0.00001232
2020-04-03,8,"Delaware",450,14,973764,0.00046212,0.00001438
2020-04-04,9,"Delaware",593,14,973764,0.00060898,0.00001438
2020-03-20,0,"District of Columbia",77,1,705749,0.0001091,0.00000142
2020-03-22,2,"District of Columbia",102,2,705749,0.00014453,0.00000283
2020-03-23,3,"District of Columbia",120,2,705749,0.00017003,0.00000283
2020-03-24,4,"District of Columbia",141,2,705749,0.00019979,0.00000283
2020-03-25,5,"District of Columbia",187,2,705749,0.00026497,0.00000283
2020-03-26,6,"District of Columbia",231,3,705749,0.00032731,0.00000425
2020-03-27,7,"District of Columbia",271,3,705749,0.00038399,0.00000425
2020-03-28,8,"District of Columbia",304,4,705749,0.00043075,0.00000567
2020-03-29,9,"District of Columbia",342,5,705749,0.00048459,0.00000708
2020-03-30,10,"District of Columbia",401,9,705749,0.00056819,0.00001275
2020-03-31,11,"District of Columbia",495,9,705749,0.00070138,0.00001275
2020-04-01,12,"District of Columbia",586,9,705749,0.00083032,0.00001275
2020-04-02,13,"District of Columbia",653,12,705749,0.00092526,0.000017
2020-04-03,14,"District of Columbia",757,15,705749,0.00107262,0.00002125
2020-04-04,15,"District of Columbia",902,21,705749,0.00127807,0.00002976
2020-03-08,0,"Florida",10,2,21477737,0.00000047,0.00000009
2020-03-09,1,"Florida",13,2,21477737,0.00000061,0.00000009
2020-03-10,2,"Florida",15,2,21477737,0.0000007,0.00000009
2020-03-11,3,"Florida",24,2,21477737,0.00000112,0.00000009
2020-03-12,4,"Florida",30,2,21477737,0.0000014,0.00000009
2020-03-13,5,"Florida",50,2,21477737,0.00000233,0.00000009
2020-03-14,6,"Florida",76,2,21477737,0.00000354,0.00000009
2020-03-15,7,"Florida",100,3,21477737,0.00000466,0.00000014
2020-03-16,8,"Florida",101,3,21477737,0.0000047,0.00000014
2020-03-17,9,"Florida",190,5,21477737,0.00000885,0.00000023
2020-03-18,10,"Florida",306,7,21477737,0.00001425,0.00000033
2020-03-19,11,"Florida",331,9,21477737,0.00001541,0.00000042
2020-03-20,12,"Florida",440,11,21477737,0.00002049,0.00000051
2020-03-21,13,"Florida",763,13,21477737,0.00003553,0.00000061
2020-03-22,14,"Florida",1004,13,21477737,0.00004675,0.00000061
2020-03-23,15,"Florida",1227,18,21477737,0.00005713,0.00000084
2020-03-24,16,"Florida",1412,18,21477737,0.00006574,0.00000084
2020-03-25,17,"Florida",1682,23,21477737,0.00007831,0.00000107
2020-03-26,18,"Florida",2357,29,21477737,0.00010974,0.00000135
2020-03-27,19,"Florida",2900,35,21477737,0.00013502,0.00000163
2020-03-28,20,"Florida",3763,54,21477737,0.0001752,0.00000251
2020-03-29,21,"Florida",4246,56,21477737,0.00019769,0.00000261
2020-03-30,22,"Florida",5473,63,21477737,0.00025482,0.00000293
2020-03-31,23,"Florida",6741,85,21477737,0.00031386,0.00000396
2020-04-01,24,"Florida",6956,87,21477737,0.00032387,0.00000405
2020-04-02,25,"Florida",9008,164,21477737,0.00041941,0.00000764
2020-04-03,26,"Florida",10268,170,21477737,0.00047808,0.00000792
2020-04-04,27,"Florida",11545,195,21477737,0.00053753,0.00000908
2020-03-12,0,"Georgia",31,1,10617423,0.00000292,0.00000009
2020-03-13,1,"Georgia",42,1,10617423,0.00000396,0.00000009
2020-03-14,2,"Georgia",73,1,10617423,0.00000688,0.00000009
2020-03-15,3,"Georgia",99,1,10617423,0.00000932,0.00000009
2020-03-16,4,"Georgia",121,1,10617423,0.0000114,0.00000009
2020-03-17,5,"Georgia",146,1,10617423,0.00001375,0.00000009
2020-03-18,6,"Georgia",197,3,10617423,0.00001855,0.00000028
2020-03-19,7,"Georgia",287,10,10617423,0.00002703,0.00000094
2020-03-20,8,"Georgia",485,14,10617423,0.00004568,0.00000132
2020-03-21,9,"Georgia",555,20,10617423,0.00005227,0.00000188
2020-03-22,10,"Georgia",621,25,10617423,0.00005849,0.00000235
2020-03-23,11,"Georgia",772,25,10617423,0.00007271,0.00000235
2020-03-24,12,"Georgia",1026,32,10617423,0.00009663,0.00000301
2020-03-25,13,"Georgia",1247,40,10617423,0.00011745,0.00000377
2020-03-26,14,"Georgia",1525,48,10617423,0.00014363,0.00000452
2020-03-27,15,"Georgia",2000,64,10617423,0.00018837,0.00000603
2020-03-28,16,"Georgia",2366,69,10617423,0.00022284,0.0000065
2020-03-29,17,"Georgia",2651,80,10617423,0.00024968,0.00000753
2020-03-30,18,"Georgia",2808,87,10617423,0.00026447,0.00000819
2020-03-31,19,"Georgia",3929,111,10617423,0.00037005,0.00001045
2020-04-01,20,"Georgia",4638,139,10617423,0.00043683,0.00001309
2020-04-02,21,"Georgia",5348,163,10617423,0.0005037,0.00001535
2020-04-03,22,"Georgia",5831,184,10617423,0.00054919,0.00001733
2020-04-04,23,"Georgia",6160,201,10617423,0.00058018,0.00001893
2020-03-24,0,"Hawaii",90,1,1415872,0.00006357,0.00000071
2020-04-01,8,"Hawaii",224,1,1415872,0.00015821,0.00000071
2020-04-02,9,"Hawaii",256,1,1415872,0.00018081,0.00000071
2020-04-03,10,"Hawaii",319,3,1415872,0.0002253,0.00000212
2020-04-04,11,"Hawaii",351,3,1415872,0.0002479,0.00000212
2020-03-26,0,"Idaho",146,3,1787065,0.0000817,0.00000168
2020-03-27,1,"Idaho",205,3,1787065,0.00011471,0.00000168
2020-03-28,2,"Idaho",234,4,1787065,0.00013094,0.00000224
2020-03-29,3,"Idaho",281,5,1787065,0.00015724,0.0000028
2020-03-30,4,"Idaho",340,6,1787065,0.00019026,0.00000336
2020-03-31,5,"Idaho",515,8,1787065,0.00028818,0.00000448
2020-04-01,6,"Idaho",566,9,1787065,0.00031672,0.00000504
2020-04-02,7,"Idaho",776,9,1787065,0.00043423,0.00000504
2020-04-03,8,"Idaho",891,9,1787065,0.00049858,0.00000504
2020-04-04,9,"Idaho",1022,10,1787065,0.00057189,0.0000056
2020-03-17,0,"Illinois",161,1,12671821,0.00001271,0.00000008
2020-03-18,1,"Illinois",272,1,12671821,0.00002146,0.00000008
2020-03-19,2,"Illinois",422,4,12671821,0.0000333,0.00000032
2020-03-20,3,"Illinois",585,5,12671821,0.00004617,0.00000039
2020-03-21,4,"Illinois",753,6,12671821,0.00005942,0.00000047
2020-03-22,5,"Illinois",1049,9,12671821,0.00008278,0.00000071
2020-03-23,6,"Illinois",1285,12,12671821,0.00010141,0.00000095
2020-03-24,7,"Illinois",1537,16,12671821,0.00012129,0.00000126
2020-03-25,8,"Illinois",1865,19,12671821,0.00014718,0.0000015
2020-03-26,9,"Illinois",2538,26,12671821,0.00020029,0.00000205
2020-03-27,10,"Illinois",3024,34,12671821,0.00023864,0.00000268
2020-03-28,11,"Illinois",3491,47,12671821,0.00027549,0.00000371
2020-03-29,12,"Illinois",4596,66,12671821,0.00036269,0.00000521
2020-03-30,13,"Illinois",5056,73,12671821,0.000399,0.00000576
2020-03-31,14,"Illinois",5994,99,12671821,0.00047302,0.00000781
2020-04-01,15,"Illinois",6980,141,12671821,0.00055083,0.00001113
2020-04-02,16,"Illinois",7695,163,12671821,0.00060725,0.00001286
2020-04-03,17,"Illinois",8904,210,12671821,0.00070266,0.00001657
2020-04-04,18,"Illinois",10357,244,12671821,0.00081733,0.00001926
2020-03-16,0,"Indiana",25,1,6732219,0.00000371,0.00000015
2020-03-17,1,"Indiana",30,2,6732219,0.00000446,0.0000003
2020-03-18,2,"Indiana",38,2,6732219,0.00000564,0.0000003
2020-03-19,3,"Indiana",60,2,6732219,0.00000891,0.0000003
2020-03-20,4,"Indiana",86,3,6732219,0.00001277,0.00000045
2020-03-21,5,"Indiana",128,4,6732219,0.00001901,0.00000059
2020-03-22,6,"Indiana",204,6,6732219,0.0000303,0.00000089
2020-03-23,7,"Indiana",270,7,6732219,0.00004011,0.00000104
2020-03-24,8,"Indiana",368,12,6732219,0.00005466,0.00000178
2020-03-25,9,"Indiana",477,14,6732219,0.00007085,0.00000208
2020-03-26,10,"Indiana",645,17,6732219,0.00009581,0.00000253
2020-03-27,11,"Indiana",979,25,6732219,0.00014542,0.00000371
2020-03-28,12,"Indiana",1233,31,6732219,0.00018315,0.0000046
2020-03-29,13,"Indiana",1513,32,6732219,0.00022474,0.00000475
2020-03-30,14,"Indiana",1786,35,6732219,0.00026529,0.0000052
2020-03-31,15,"Indiana",2158,49,6732219,0.00032055,0.00000728
2020-04-01,16,"Indiana",2564,65,6732219,0.00038086,0.00000966
2020-04-02,17,"Indiana",3038,78,6732219,0.00045126,0.00001159
2020-04-03,18,"Indiana",3437,102,6732219,0.00051053,0.00001515
2020-04-04,19,"Indiana",3953,116,6732219,0.00058718,0.00001723
2020-03-25,0,"Iowa",146,1,3155070,0.00004627,0.00000032
2020-03-26,1,"Iowa",179,1,3155070,0.00005673,0.00000032
2020-03-27,2,"Iowa",235,3,3155070,0.00007448,0.00000095
2020-03-28,3,"Iowa",298,3,3155070,0.00009445,0.00000095
2020-03-29,4,"Iowa",336,4,3155070,0.0001065,0.00000127
2020-03-30,5,"Iowa",424,6,3155070,0.00013439,0.0000019
2020-03-31,6,"Iowa",497,7,3155070,0.00015752,0.00000222
2020-04-01,7,"Iowa",547,9,3155070,0.00017337,0.00000285
2020-04-02,8,"Iowa",614,11,3155070,0.00019461,0.00000349
2020-04-03,9,"Iowa",699,11,3155070,0.00022155,0.00000349
2020-04-04,10,"Iowa",787,14,3155070,0.00024944,0.00000444
2020-03-13,0,"Kansas",6,1,2913314,0.00000206,0.00000034
2020-03-14,1,"Kansas",8,1,2913314,0.00000275,0.00000034
2020-03-15,2,"Kansas",8,1,2913314,0.00000275,0.00000034
2020-03-16,3,"Kansas",11,1,2913314,0.00000378,0.00000034
2020-03-17,4,"Kansas",18,1,2913314,0.00000618,0.00000034
2020-03-18,5,"Kansas",22,1,2913314,0.00000755,0.00000034
2020-03-19,6,"Kansas",35,1,2913314,0.00001201,0.00000034
2020-03-20,7,"Kansas",48,1,2913314,0.00001648,0.00000034
2020-03-21,8,"Kansas",57,2,2913314,0.00001957,0.00000069
2020-03-22,9,"Kansas",65,2,2913314,0.00002231,0.00000069
2020-03-23,10,"Kansas",84,2,2913314,0.00002883,0.00000069
2020-03-24,11,"Kansas",100,2,2913314,0.00003433,0.00000069
2020-03-25,12,"Kansas",134,3,2913314,0.000046,0.00000103
2020-03-26,13,"Kansas",172,3,2913314,0.00005904,0.00000103
2020-03-27,14,"Kansas",206,4,2913314,0.00007071,0.00000137
2020-03-28,15,"Kansas",266,4,2913314,0.0000913,0.00000137
2020-03-29,16,"Kansas",330,7,2913314,0.00011327,0.0000024
2020-03-30,17,"Kansas",372,8,2913314,0.00012769,0.00000275
2020-03-31,18,"Kansas",434,9,2913314,0.00014897,0.00000309
2020-04-01,19,"Kansas",485,10,2913314,0.00016648,0.00000343
2020-04-02,20,"Kansas",553,12,2913314,0.00018982,0.00000412
2020-04-03,21,"Kansas",629,18,2913314,0.00021591,0.00000618
2020-04-04,22,"Kansas",698,21,2913314,0.00023959,0.00000721
2020-03-16,0,"Kentucky",21,1,4467673,0.0000047,0.00000022
2020-03-17,1,"Kentucky",26,1,4467673,0.00000582,0.00000022
2020-03-18,2,"Kentucky",28,1,4467673,0.00000627,0.00000022
2020-03-19,3,"Kentucky",50,2,4467673,0.00001119,0.00000045
2020-03-20,4,"Kentucky",64,2,4467673,0.00001433,0.00000045
2020-03-21,5,"Kentucky",87,3,4467673,0.00001947,0.00000067
2020-03-22,6,"Kentucky",103,3,4467673,0.00002305,0.00000067
2020-03-23,7,"Kentucky",123,4,4467673,0.00002753,0.0000009
2020-03-24,8,"Kentucky",162,4,4467673,0.00003626,0.0000009
2020-03-25,9,"Kentucky",197,5,4467673,0.00004409,0.00000112
2020-03-26,10,"Kentucky",247,5,4467673,0.00005529,0.00000112
2020-03-27,11,"Kentucky",301,7,4467673,0.00006737,0.00000157
2020-03-28,12,"Kentucky",393,9,4467673,0.00008797,0.00000201
2020-03-29,13,"Kentucky",438,9,4467673,0.00009804,0.00000201
2020-03-30,14,"Kentucky",479,11,4467673,0.00010721,0.00000246
2020-03-31,15,"Kentucky",628,11,4467673,0.00014057,0.00000246
2020-04-01,16,"Kentucky",632,18,4467673,0.00014146,0.00000403
2020-04-02,17,"Kentucky",770,31,4467673,0.00017235,0.00000694
2020-04-03,18,"Kentucky",770,34,4467673,0.00017235,0.00000761
2020-04-04,19,"Kentucky",917,40,4467673,0.00020525,0.00000895
2020-03-14,0,"Louisiana",77,1,4648794,0.00001656,0.00000022
2020-03-15,1,"Louisiana",87,2,4648794,0.00001871,0.00000043
2020-03-16,2,"Louisiana",115,3,4648794,0.00002474,0.00000065
2020-03-17,3,"Louisiana",196,4,4648794,0.00004216,0.00000086
2020-03-18,4,"Louisiana",257,6,4648794,0.00005528,0.00000129
2020-03-19,5,"Louisiana",392,10,4648794,0.00008432,0.00000215
2020-03-20,6,"Louisiana",537,14,4648794,0.00011551,0.00000301
2020-03-21,7,"Louisiana",763,20,4648794,0.00016413,0.0000043
2020-03-22,8,"Louisiana",837,20,4648794,0.00018005,0.0000043
2020-03-23,9,"Louisiana",1172,35,4648794,0.00025211,0.00000753
2020-03-24,10,"Louisiana",1388,46,4648794,0.00029857,0.0000099
2020-03-25,11,"Louisiana",1795,65,4648794,0.00038612,0.00001398
2020-03-26,12,"Louisiana",2304,83,4648794,0.00049561,0.00001785
2020-03-27,13,"Louisiana",2744,119,4648794,0.00059026,0.0000256
2020-03-28,14,"Louisiana",3315,137,4648794,0.00071309,0.00002947
2020-03-29,15,"Louisiana",3540,151,4648794,0.00076149,0.00003248
2020-03-30,16,"Louisiana",4025,185,4648794,0.00086582,0.0000398
2020-03-31,17,"Louisiana",5237,239,4648794,0.00112653,0.00005141
2020-04-01,18,"Louisiana",6424,273,4648794,0.00138186,0.00005872
2020-04-02,19,"Louisiana",9159,310,4648794,0.00197019,0.00006668
2020-04-03,20,"Louisiana",10297,370,4648794,0.00221498,0.00007959
2020-04-04,21,"Louisiana",12496,409,4648794,0.00268801,0.00008798
2020-03-27,0,"Maine",168,1,1344212,0.00012498,0.00000074
2020-03-28,1,"Maine",211,1,1344212,0.00015697,0.00000074
2020-03-29,2,"Maine",253,3,1344212,0.00018821,0.00000223
2020-03-30,3,"Maine",275,3,1344212,0.00020458,0.00000223
2020-03-31,4,"Maine",303,5,1344212,0.00022541,0.00000372
2020-04-01,5,"Maine",303,5,1344212,0.00022541,0.00000372
2020-04-02,6,"Maine",376,7,1344212,0.00027972,0.00000521
2020-04-03,7,"Maine",432,9,1344212,0.00032138,0.0000067
2020-04-04,8,"Maine",456,10,1344212,0.00033923,0.00000744
2020-03-19,0,"Maryland",107,1,6045680,0.0000177,0.00000017
2020-03-20,1,"Maryland",149,2,6045680,0.00002465,0.00000033
2020-03-21,2,"Maryland",193,2,6045680,0.00003192,0.00000033
2020-03-22,3,"Maryland",244,3,6045680,0.00004036,0.0000005
2020-03-23,4,"Maryland",290,3,6045680,0.00004797,0.0000005
2020-03-24,5,"Maryland",349,4,6045680,0.00005773,0.00000066
2020-03-25,6,"Maryland",425,4,6045680,0.0000703,0.00000066
2020-03-26,7,"Maryland",583,4,6045680,0.00009643,0.00000066
2020-03-27,8,"Maryland",775,5,6045680,0.00012819,0.00000083
2020-03-28,9,"Maryland",995,5,6045680,0.00016458,0.00000083
2020-03-29,10,"Maryland",1239,10,6045680,0.00020494,0.00000165
2020-03-30,11,"Maryland",1413,15,6045680,0.00023372,0.00000248
2020-03-31,12,"Maryland",1660,18,6045680,0.00027458,0.00000298
2020-04-01,13,"Maryland",1986,31,6045680,0.0003285,0.00000513
2020-04-02,14,"Maryland",2331,36,6045680,0.00038556,0.00000595
2020-04-03,15,"Maryland",2758,43,6045680,0.00045619,0.00000711
2020-04-04,16,"Maryland",3125,54,6045680,0.0005169,0.00000893
2020-03-20,0,"Massachusetts",413,1,6892503,0.00005992,0.00000015
2020-03-21,1,"Massachusetts",523,1,6892503,0.00007588,0.00000015
2020-03-22,2,"Massachusetts",640,5,6892503,0.00009285,0.00000073
2020-03-23,3,"Massachusetts",777,9,6892503,0.00011273,0.00000131
2020-03-24,4,"Massachusetts",1159,11,6892503,0.00016815,0.0000016
2020-03-25,5,"Massachusetts",1838,15,6892503,0.00026667,0.00000218
2020-03-26,6,"Massachusetts",2417,25,6892503,0.00035067,0.00000363
2020-03-27,7,"Massachusetts",3240,35,6892503,0.00047008,0.00000508
2020-03-28,8,"Massachusetts",4257,44,6892503,0.00061763,0.00000638
2020-03-29,9,"Massachusetts",4955,48,6892503,0.0007189,0.00000696
2020-03-30,10,"Massachusetts",5752,56,6892503,0.00083453,0.00000812
2020-03-31,11,"Massachusetts",6620,89,6892503,0.00096046,0.00001291
2020-04-01,12,"Massachusetts",7738,122,6892503,0.00112267,0.0000177
2020-04-02,13,"Massachusetts",8966,154,6892503,0.00130083,0.00002234
2020-04-03,14,"Massachusetts",10402,192,6892503,0.00150918,0.00002786
2020-04-04,15,"Massachusetts",11736,216,6892503,0.00170272,0.00003134
2020-03-18,0,"Michigan",119,1,9986857,0.00001192,0.0000001
2020-03-19,1,"Michigan",259,1,9986857,0.00002593,0.0000001
2020-03-20,2,"Michigan",402,1,9986857,0.00004025,0.0000001
2020-03-21,3,"Michigan",540,3,9986857,0.00005407,0.0000003
2020-03-22,4,"Michigan",1035,9,9986857,0.00010364,0.0000009
2020-03-23,5,"Michigan",1329,15,9986857,0.00013307,0.0000015
2020-03-24,6,"Michigan",1793,24,9986857,0.00017954,0.0000024
2020-03-25,7,"Michigan",2296,43,9986857,0.0002299,0.00000431
2020-03-26,8,"Michigan",2845,61,9986857,0.00028487,0.00000611
2020-03-27,9,"Michigan",3634,92,9986857,0.00036388,0.00000921
2020-03-28,10,"Michigan",4650,111,9986857,0.00046561,0.00001111
2020-03-29,11,"Michigan",5488,132,9986857,0.00054952,0.00001322
2020-03-30,12,"Michigan",6498,184,9986857,0.00065066,0.00001842
2020-03-31,13,"Michigan",7615,259,9986857,0.0007625,0.00002593
2020-04-01,14,"Michigan",9315,335,9986857,0.00093273,0.00003354
2020-04-02,15,"Michigan",10791,417,9986857,0.00108052,0.00004175
2020-04-03,16,"Michigan",12744,479,9986857,0.00127608,0.00004796
2020-04-04,17,"Michigan",14225,540,9986857,0.00142437,0.00005407
2020-03-21,0,"Minnesota",134,1,5639632,0.00002376,0.00000018
2020-03-22,1,"Minnesota",167,1,5639632,0.00002961,0.00000018
2020-03-23,2,"Minnesota",234,1,5639632,0.00004149,0.00000018
2020-03-24,3,"Minnesota",261,1,5639632,0.00004628,0.00000018
2020-03-25,4,"Minnesota",286,1,5639632,0.00005071,0.00000018
2020-03-26,5,"Minnesota",344,2,5639632,0.000061,0.00000035
2020-03-27,6,"Minnesota",396,4,5639632,0.00007022,0.00000071
2020-03-28,7,"Minnesota",441,5,5639632,0.0000782,0.00000089
2020-03-29,8,"Minnesota",503,9,5639632,0.00008919,0.0000016
2020-03-30,9,"Minnesota",576,10,5639632,0.00010213,0.00000177
2020-03-31,10,"Minnesota",629,12,5639632,0.00011153,0.00000213
2020-04-01,11,"Minnesota",689,17,5639632,0.00012217,0.00000301
2020-04-02,12,"Minnesota",742,18,5639632,0.00013157,0.00000319
2020-04-03,13,"Minnesota",788,22,5639632,0.00013973,0.0000039
2020-04-04,14,"Minnesota",865,24,5639632,0.00015338,0.00000426
2020-03-19,0,"Mississippi",50,1,2976149,0.0000168,0.00000034
2020-03-20,1,"Mississippi",80,1,2976149,0.00002688,0.00000034
2020-03-21,2,"Mississippi",140,1,2976149,0.00004704,0.00000034
2020-03-22,3,"Mississippi",207,1,2976149,0.00006955,0.00000034
2020-03-23,4,"Mississippi",249,1,2976149,0.00008367,0.00000034
2020-03-24,5,"Mississippi",320,1,2976149,0.00010752,0.00000034
2020-03-25,6,"Mississippi",377,3,2976149,0.00012667,0.00000101
2020-03-26,7,"Mississippi",485,6,2976149,0.00016296,0.00000202
2020-03-27,8,"Mississippi",579,8,2976149,0.00019455,0.00000269
2020-03-28,9,"Mississippi",663,13,2976149,0.00022277,0.00000437
2020-03-29,10,"Mississippi",759,14,2976149,0.00025503,0.0000047
2020-03-30,11,"Mississippi",847,16,2976149,0.0002846,0.00000538
2020-03-31,12,"Mississippi",937,20,2976149,0.00031484,0.00000672
2020-04-01,13,"Mississippi",1073,22,2976149,0.00036053,0.00000739
2020-04-02,14,"Mississippi",1177,26,2976149,0.00039548,0.00000874
2020-04-03,15,"Mississippi",1358,29,2976149,0.00045629,0.00000974
2020-04-04,16,"Mississippi",1455,35,2976149,0.00048889,0.00001176
2020-03-18,0,"Missouri",18,1,6626371,0.00000272,0.00000015
2020-03-19,1,"Missouri",39,1,6626371,0.00000589,0.00000015
2020-03-20,2,"Missouri",73,3,6626371,0.00001102,0.00000045
2020-03-21,3,"Missouri",81,3,6626371,0.00001222,0.00000045
2020-03-22,4,"Missouri",87,3,6626371,0.00001313,0.00000045
2020-03-23,5,"Missouri",187,4,6626371,0.00002822,0.0000006
2020-03-24,6,"Missouri",257,7,6626371,0.00003878,0.00000106
2020-03-25,7,"Missouri",354,8,6626371,0.00005342,0.00000121
2020-03-26,8,"Missouri",520,9,6626371,0.00007847,0.00000136
2020-03-27,9,"Missouri",666,9,6626371,0.00010051,0.00000136
2020-03-28,10,"Missouri",836,10,6626371,0.00012616,0.00000151
2020-03-29,11,"Missouri",915,13,6626371,0.00013808,0.00000196
2020-03-30,12,"Missouri",1051,13,6626371,0.00015861,0.00000196
2020-03-31,13,"Missouri",1357,15,6626371,0.00020479,0.00000226
2020-04-01,14,"Missouri",1613,18,6626371,0.00024342,0.00000272
2020-04-02,15,"Missouri",1857,22,6626371,0.00028024,0.00000332
2020-04-03,16,"Missouri",1864,25,6626371,0.0002813,0.00000377
2020-04-04,17,"Missouri",2310,33,6626371,0.00034861,0.00000498
2020-03-27,0,"Montana",109,1,1068778,0.00010199,0.00000094
2020-03-28,1,"Montana",129,1,1068778,0.0001207,0.00000094
2020-03-29,2,"Montana",154,1,1068778,0.00014409,0.00000094
2020-03-30,3,"Montana",171,5,1068778,0.00016,0.00000468
2020-03-31,4,"Montana",198,5,1068778,0.00018526,0.00000468
2020-04-01,5,"Montana",208,6,1068778,0.00019461,0.00000561
2020-04-02,6,"Montana",241,6,1068778,0.00022549,0.00000561
2020-04-03,7,"Montana",243,5,1068778,0.00022736,0.00000468
2020-04-04,8,"Montana",265,6,1068778,0.00024795,0.00000561
2020-03-28,0,"Nebraska",96,2,1934408,0.00004963,0.00000103
2020-03-29,1,"Nebraska",108,2,1934408,0.00005583,0.00000103
2020-03-30,2,"Nebraska",145,2,1934408,0.00007496,0.00000103
2020-03-31,3,"Nebraska",172,3,1934408,0.00008892,0.00000155
2020-04-01,4,"Nebraska",210,4,1934408,0.00010856,0.00000207
2020-04-02,5,"Nebraska",246,5,1934408,0.00012717,0.00000258
2020-04-03,6,"Nebraska",279,6,1934408,0.00014423,0.0000031
2020-04-04,7,"Nebraska",321,6,1934408,0.00016594,0.0000031
2020-03-16,0,"Nevada",45,1,3080156,0.00001461,0.00000032
2020-03-17,1,"Nevada",55,1,3080156,0.00001786,0.00000032
2020-03-18,2,"Nevada",55,1,3080156,0.00001786,0.00000032
2020-03-19,3,"Nevada",95,1,3080156,0.00003084,0.00000032
2020-03-20,4,"Nevada",161,2,3080156,0.00005227,0.00000065
2020-03-21,5,"Nevada",161,2,3080156,0.00005227,0.00000065
2020-03-22,6,"Nevada",190,2,3080156,0.00006169,0.00000065
2020-03-23,7,"Nevada",245,4,3080156,0.00007954,0.0000013
2020-03-24,8,"Nevada",278,4,3080156,0.00009026,0.0000013
2020-03-25,9,"Nevada",323,6,3080156,0.00010486,0.00000195
2020-03-26,10,"Nevada",420,10,3080156,0.00013636,0.00000325
2020-03-27,11,"Nevada",536,10,3080156,0.00017402,0.00000325
2020-03-28,12,"Nevada",626,10,3080156,0.00020324,0.00000325
2020-03-29,13,"Nevada",920,15,3080156,0.00029869,0.00000487
2020-03-30,14,"Nevada",1012,15,3080156,0.00032855,0.00000487
2020-03-31,15,"Nevada",1114,26,3080156,0.00036167,0.00000844
2020-04-01,16,"Nevada",1279,31,3080156,0.00041524,0.00001006
2020-04-02,17,"Nevada",1463,38,3080156,0.00047498,0.00001234
2020-04-03,18,"Nevada",1514,43,3080156,0.00049153,0.00001396
2020-04-04,19,"Nevada",1742,46,3080156,0.00056556,0.00001493
2020-03-23,0,"New Hampshire",101,1,1359711,0.00007428,0.00000074
2020-03-24,1,"New Hampshire",101,1,1359711,0.00007428,0.00000074
2020-03-25,2,"New Hampshire",108,1,1359711,0.00007943,0.00000074
2020-03-26,3,"New Hampshire",137,1,1359711,0.00010076,0.00000074
2020-03-27,4,"New Hampshire",158,1,1359711,0.0001162,0.00000074
2020-03-28,5,"New Hampshire",187,2,1359711,0.00013753,0.00000147
2020-03-29,6,"New Hampshire",214,2,1359711,0.00015739,0.00000147
2020-03-30,7,"New Hampshire",314,3,1359711,0.00023093,0.00000221
2020-03-31,8,"New Hampshire",357,3,1359711,0.00026256,0.00000221
2020-04-01,9,"New Hampshire",357,3,1359711,0.00026256,0.00000221
2020-04-02,10,"New Hampshire",316,3,1359711,0.0002324,0.00000221
2020-04-03,11,"New Hampshire",479,5,1359711,0.00035228,0.00000368
2020-04-04,12,"New Hampshire",540,7,1359711,0.00039714,0.00000515
2020-03-10,0,"New Jersey",15,1,8882190,0.00000169,0.00000011
2020-03-11,1,"New Jersey",23,1,8882190,0.00000259,0.00000011
2020-03-12,2,"New Jersey",29,1,8882190,0.00000326,0.00000011
2020-03-13,3,"New Jersey",49,1,8882190,0.00000552,0.00000011
2020-03-14,4,"New Jersey",69,1,8882190,0.00000777,0.00000011
2020-03-15,5,"New Jersey",72,2,8882190,0.00000811,0.00000023
2020-03-16,6,"New Jersey",176,2,8882190,0.00001981,0.00000023
2020-03-17,7,"New Jersey",250,3,8882190,0.00002815,0.00000034
2020-03-18,8,"New Jersey",397,5,8882190,0.0000447,0.00000056
2020-03-19,9,"New Jersey",741,9,8882190,0.00008343,0.00000101
2020-03-20,10,"New Jersey",890,11,8882190,0.0001002,0.00000124
2020-03-21,11,"New Jersey",1327,16,8882190,0.0001494,0.0000018
2020-03-22,12,"New Jersey",1914,20,8882190,0.00021549,0.00000225
2020-03-23,13,"New Jersey",2844,27,8882190,0.00032019,0.00000304
2020-03-24,14,"New Jersey",3675,44,8882190,0.00041375,0.00000495
2020-03-25,15,"New Jersey",4402,62,8882190,0.0004956,0.00000698
2020-03-26,16,"New Jersey",6876,81,8882190,0.00077413,0.00000912
2020-03-27,17,"New Jersey",8825,108,8882190,0.00099356,0.00001216
2020-03-28,18,"New Jersey",11124,140,8882190,0.00125239,0.00001576
2020-03-29,19,"New Jersey",13386,161,8882190,0.00150706,0.00001813
2020-03-30,20,"New Jersey",16636,198,8882190,0.00187296,0.00002229
2020-03-31,21,"New Jersey",18696,267,8882190,0.00210489,0.00003006
2020-04-01,22,"New Jersey",22255,355,8882190,0.00250558,0.00003997
2020-04-02,23,"New Jersey",25590,537,8882190,0.00288105,0.00006046
2020-04-03,24,"New Jersey",29895,646,8882190,0.00336572,0.00007273
2020-04-04,25,"New Jersey",34124,846,8882190,0.00384185,0.00009525
2020-03-25,0,"New Mexico",113,1,2096829,0.00005389,0.00000048
2020-03-26,1,"New Mexico",113,1,2096829,0.00005389,0.00000048
2020-03-27,2,"New Mexico",136,1,2096829,0.00006486,0.00000048
2020-03-28,3,"New Mexico",208,1,2096829,0.0000992,0.00000048
2020-03-29,4,"New Mexico",237,2,2096829,0.00011303,0.00000095
2020-03-30,5,"New Mexico",237,2,2096829,0.00011303,0.00000095
2020-03-31,6,"New Mexico",315,4,2096829,0.00015023,0.00000191
2020-04-01,7,"New Mexico",340,5,2096829,0.00016215,0.00000238
2020-04-02,8,"New Mexico",388,6,2096829,0.00018504,0.00000286
2020-04-03,9,"New Mexico",534,10,2096829,0.00025467,0.00000477
2020-04-04,10,"New Mexico",534,10,2096829,0.00025467,0.00000477
2020-03-14,0,"New York",613,2,23628065,0.00002594,0.00000008
2020-03-15,1,"New York",615,2,23628065,0.00002603,0.00000008
2020-03-16,2,"New York",967,10,23628065,0.00004093,0.00000042
2020-03-17,3,"New York",1578,13,23628065,0.00006678,0.00000055
2020-03-18,4,"New York",3038,17,23628065,0.00012858,0.00000072
2020-03-19,5,"New York",5704,38,23628065,0.00024141,0.00000161
2020-03-20,6,"New York",8403,46,23628065,0.00035564,0.00000195
2020-03-21,7,"New York",11727,60,23628065,0.00049632,0.00000254
2020-03-22,8,"New York",15800,117,23628065,0.0006687,0.00000495
2020-03-23,9,"New York",20884,158,23628065,0.00088386,0.00000669
2020-03-24,10,"New York",25681,210,23628065,0.00108689,0.00000889
2020-03-25,11,"New York",30841,285,23628065,0.00130527,0.00001206
2020-03-26,12,"New York",37877,385,23628065,0.00160305,0.00001629
2020-03-27,13,"New York",44876,527,23628065,0.00189927,0.0000223
2020-03-28,14,"New York",52410,728,23628065,0.00221812,0.00003081
2020-03-29,15,"New York",59648,965,23628065,0.00252446,0.00004084
2020-03-30,16,"New York",66663,1218,23628065,0.00282135,0.00005155
2020-03-31,17,"New York",75833,1550,23628065,0.00320945,0.0000656
2020-04-01,18,"New York",83948,1941,23628065,0.00355289,0.00008215
2020-04-02,19,"New York",92506,2373,23628065,0.00391509,0.00010043
2020-04-03,20,"New York",102987,2935,23628065,0.00435867,0.00012422
2020-04-04,21,"New York",113833,3565,23628065,0.0048177,0.00015088
2020-03-25,0,"North Carolina",590,2,10488084,0.00005625,0.00000019
2020-03-26,1,"North Carolina",738,3,10488084,0.00007037,0.00000029
2020-03-27,2,"North Carolina",887,4,10488084,0.00008457,0.00000038
2020-03-28,3,"North Carolina",1020,5,10488084,0.00009725,0.00000048
2020-03-29,4,"North Carolina",1191,7,10488084,0.00011356,0.00000067
2020-03-30,5,"North Carolina",1313,7,10488084,0.00012519,0.00000067
2020-03-31,6,"North Carolina",1535,12,10488084,0.00014636,0.00000114
2020-04-01,7,"North Carolina",1675,14,10488084,0.00015971,0.00000133
2020-04-02,8,"North Carolina",1977,21,10488084,0.0001885,0.000002
2020-04-03,9,"North Carolina",2251,27,10488084,0.00021462,0.00000257
2020-04-04,10,"North Carolina",2486,34,10488084,0.00023703,0.00000324
2020-03-27,0,"North Dakota",68,1,762062,0.00008923,0.00000131
2020-03-28,1,"North Dakota",94,1,762062,0.00012335,0.00000131
2020-03-29,2,"North Dakota",98,1,762062,0.0001286,0.00000131
2020-03-30,3,"North Dakota",109,2,762062,0.00014303,0.00000262
2020-03-31,4,"North Dakota",122,3,762062,0.00016009,0.00000394
2020-04-01,5,"North Dakota",142,3,762062,0.00018634,0.00000394
2020-04-02,6,"North Dakota",159,3,762062,0.00020864,0.00000394
2020-04-03,7,"North Dakota",173,3,762062,0.00022702,0.00000394
2020-04-04,8,"North Dakota",186,3,762062,0.00024407,0.00000394
2020-03-20,0,"Ohio",173,3,11689100,0.0000148,0.00000026
2020-03-21,1,"Ohio",247,3,11689100,0.00002113,0.00000026
2020-03-22,2,"Ohio",356,3,11689100,0.00003046,0.00000026
2020-03-23,3,"Ohio",443,6,11689100,0.0000379,0.00000051
2020-03-24,4,"Ohio",567,8,11689100,0.00004851,0.00000068
2020-03-25,5,"Ohio",704,11,11689100,0.00006023,0.00000094
2020-03-26,6,"Ohio",868,15,11689100,0.00007426,0.00000128
2020-03-27,7,"Ohio",1137,19,11689100,0.00009727,0.00000163
2020-03-28,8,"Ohio",1406,25,11689100,0.00012028,0.00000214
2020-03-29,9,"Ohio",1653,29,11689100,0.00014141,0.00000248
2020-03-30,10,"Ohio",1933,40,11689100,0.00016537,0.00000342
2020-03-31,11,"Ohio",2199,55,11689100,0.00018812,0.00000471
2020-04-01,12,"Ohio",2547,65,11689100,0.0002179,0.00000556
2020-04-02,13,"Ohio",2901,81,11689100,0.00024818,0.00000693
2020-04-03,14,"Ohio",3312,91,11689100,0.00028334,0.00000779
2020-04-04,15,"Ohio",3739,102,11689100,0.00031987,0.00000873
2020-03-19,0,"Oklahoma",44,1,3956971,0.00001112,0.00000025
2020-03-20,1,"Oklahoma",49,1,3956971,0.00001238,0.00000025
2020-03-21,2,"Oklahoma",53,1,3956971,0.00001339,0.00000025
2020-03-22,3,"Oklahoma",67,2,3956971,0.00001693,0.00000051
2020-03-23,4,"Oklahoma",81,2,3956971,0.00002047,0.00000051
2020-03-24,5,"Oklahoma",106,3,3956971,0.00002679,0.00000076
2020-03-25,6,"Oklahoma",164,5,3956971,0.00004145,0.00000126
2020-03-26,7,"Oklahoma",248,7,3956971,0.00006267,0.00000177
2020-03-27,8,"Oklahoma",322,8,3956971,0.00008138,0.00000202
2020-03-28,9,"Oklahoma",377,15,3956971,0.00009527,0.00000379
2020-03-29,10,"Oklahoma",429,16,3956971,0.00010842,0.00000404
2020-03-30,11,"Oklahoma",481,16,3956971,0.00012156,0.00000404
2020-03-31,12,"Oklahoma",568,23,3956971,0.00014354,0.00000581
2020-04-01,13,"Oklahoma",721,30,3956971,0.00018221,0.00000758
2020-04-02,14,"Oklahoma",881,34,3956971,0.00022265,0.00000859
2020-04-03,15,"Oklahoma",990,38,3956971,0.00025019,0.0000096
2020-04-04,16,"Oklahoma",1161,42,3956971,0.00029341,0.00001061
2020-03-15,0,"Oregon",36,1,4217737,0.00000854,0.00000024
2020-03-16,1,"Oregon",39,1,4217737,0.00000925,0.00000024
2020-03-17,2,"Oregon",66,1,4217737,0.00001565,0.00000024
2020-03-18,3,"Oregon",75,3,4217737,0.00001778,0.00000071
2020-03-19,4,"Oregon",88,3,4217737,0.00002086,0.00000071
2020-03-20,5,"Oregon",114,3,4217737,0.00002703,0.00000071
2020-03-21,6,"Oregon",137,4,4217737,0.00003248,0.00000095
2020-03-22,7,"Oregon",161,5,4217737,0.00003817,0.00000119
2020-03-23,8,"Oregon",191,5,4217737,0.00004528,0.00000119
2020-03-24,9,"Oregon",210,8,4217737,0.00004979,0.0000019
2020-03-25,10,"Oregon",266,10,4217737,0.00006307,0.00000237
2020-03-26,11,"Oregon",316,11,4217737,0.00007492,0.00000261
2020-03-27,12,"Oregon",416,12,4217737,0.00009863,0.00000285
2020-03-28,13,"Oregon",479,13,4217737,0.00011357,0.00000308
2020-03-29,14,"Oregon",548,13,4217737,0.00012993,0.00000308
2020-03-30,15,"Oregon",606,16,4217737,0.00014368,0.00000379
2020-03-31,16,"Oregon",690,18,4217737,0.00016359,0.00000427
2020-04-01,17,"Oregon",736,19,4217737,0.0001745,0.0000045
2020-04-02,18,"Oregon",826,21,4217737,0.00019584,0.00000498
2020-04-03,19,"Oregon",899,22,4217737,0.00021315,0.00000522
2020-04-04,20,"Oregon",899,22,4217737,0.00021315,0.00000522
2020-03-18,0,"Pennsylvania",155,1,12801989,0.00001211,0.00000008
2020-03-19,1,"Pennsylvania",206,1,12801989,0.00001609,0.00000008
2020-03-20,2,"Pennsylvania",311,1,12801989,0.00002429,0.00000008
2020-03-21,3,"Pennsylvania",399,2,12801989,0.00003117,0.00000016
2020-03-22,4,"Pennsylvania",509,4,12801989,0.00003976,0.00000031
2020-03-23,5,"Pennsylvania",698,6,12801989,0.00005452,0.00000047
2020-03-24,6,"Pennsylvania",946,8,12801989,0.00007389,0.00000062
2020-03-25,7,"Pennsylvania",1260,15,12801989,0.00009842,0.00000117
2020-03-26,8,"Pennsylvania",1795,18,12801989,0.00014021,0.00000141
2020-03-27,9,"Pennsylvania",2345,22,12801989,0.00018317,0.00000172
2020-03-28,10,"Pennsylvania",2845,34,12801989,0.00022223,0.00000266
2020-03-29,11,"Pennsylvania",3432,41,12801989,0.00026808,0.0000032
2020-03-30,12,"Pennsylvania",4155,50,12801989,0.00032456,0.00000391
2020-03-31,13,"Pennsylvania",4963,63,12801989,0.00038767,0.00000492
2020-04-01,14,"Pennsylvania",6009,74,12801989,0.00046938,0.00000578
2020-04-02,15,"Pennsylvania",7268,90,12801989,0.00056772,0.00000703
2020-04-03,16,"Pennsylvania",8570,102,12801989,0.00066943,0.00000797
2020-04-04,17,"Pennsylvania",10444,136,12801989,0.00081581,0.00001062
2020-03-28,0,"Rhode Island",239,2,1059361,0.00022561,0.00000189
2020-03-29,1,"Rhode Island",294,3,1059361,0.00027753,0.00000283
2020-03-30,2,"Rhode Island",408,4,1059361,0.00038514,0.00000378
2020-03-31,3,"Rhode Island",488,8,1059361,0.00046066,0.00000755
2020-04-01,4,"Rhode Island",566,10,1059361,0.00053428,0.00000944
2020-04-02,5,"Rhode Island",657,12,1059361,0.00062019,0.00001133
2020-04-03,6,"Rhode Island",711,14,1059361,0.00067116,0.00001322
2020-04-04,7,"Rhode Island",806,17,1059361,0.00076084,0.00001605
2020-03-16,0,"South Carolina",30,1,5148714,0.00000583,0.00000019
2020-03-17,1,"South Carolina",47,1,5148714,0.00000913,0.00000019
2020-03-18,2,"South Carolina",60,1,5148714,0.00001165,0.00000019
2020-03-19,3,"South Carolina",80,1,5148714,0.00001554,0.00000019
2020-03-20,4,"South Carolina",126,3,5148714,0.00002447,0.00000058
2020-03-21,5,"South Carolina",174,3,5148714,0.00003379,0.00000058
2020-03-22,6,"South Carolina",196,3,5148714,0.00003807,0.00000058
2020-03-23,7,"South Carolina",298,5,5148714,0.00005788,0.00000097
2020-03-24,8,"South Carolina",342,5,5148714,0.00006642,0.00000097
2020-03-25,9,"South Carolina",424,7,5148714,0.00008235,0.00000136
2020-03-26,10,"South Carolina",424,9,5148714,0.00008235,0.00000175
2020-03-27,11,"South Carolina",542,13,5148714,0.00010527,0.00000252
2020-03-28,12,"South Carolina",660,15,5148714,0.00012819,0.00000291
2020-03-29,13,"South Carolina",774,16,5148714,0.00015033,0.00000311
2020-03-30,14,"South Carolina",925,18,5148714,0.00017966,0.0000035
2020-03-31,15,"South Carolina",1083,22,5148714,0.00021034,0.00000427
2020-04-01,16,"South Carolina",1293,26,5148714,0.00025113,0.00000505
2020-04-02,17,"South Carolina",1554,31,5148714,0.00030182,0.00000602
2020-04-03,18,"South Carolina",1700,34,5148714,0.00033018,0.0000066
2020-04-04,19,"South Carolina",1917,40,5148714,0.00037233,0.00000777
2020-03-11,0,"South Dakota",8,1,884659,0.00000904,0.00000113
2020-03-12,1,"South Dakota",7,1,884659,0.00000791,0.00000113
2020-03-13,2,"South Dakota",8,1,884659,0.00000904,0.00000113
2020-03-14,3,"South Dakota",8,1,884659,0.00000904,0.00000113
2020-03-15,4,"South Dakota",8,1,884659,0.00000904,0.00000113
2020-03-16,5,"South Dakota",10,1,884659,0.0000113,0.00000113
2020-03-17,6,"South Dakota",11,1,884659,0.00001243,0.00000113
2020-03-18,7,"South Dakota",11,1,884659,0.00001243,0.00000113
2020-03-19,8,"South Dakota",14,1,884659,0.00001583,0.00000113
2020-03-20,9,"South Dakota",14,1,884659,0.00001583,0.00000113
2020-03-21,10,"South Dakota",14,1,884659,0.00001583,0.00000113
2020-03-22,11,"South Dakota",21,1,884659,0.00002374,0.00000113
2020-03-23,12,"South Dakota",28,1,884659,0.00003165,0.00000113
2020-03-24,13,"South Dakota",30,1,884659,0.00003391,0.00000113
2020-03-25,14,"South Dakota",41,1,884659,0.00004635,0.00000113
2020-03-26,15,"South Dakota",46,1,884659,0.000052,0.00000113
2020-03-27,16,"South Dakota",58,1,884659,0.00006556,0.00000113
2020-03-28,17,"South Dakota",68,1,884659,0.00007687,0.00000113
2020-03-29,18,"South Dakota",90,1,884659,0.00010173,0.00000113
2020-03-30,19,"South Dakota",101,1,884659,0.00011417,0.00000113
2020-03-31,20,"South Dakota",108,1,884659,0.00012208,0.00000113
2020-04-01,21,"South Dakota",129,2,884659,0.00014582,0.00000226
2020-04-02,22,"South Dakota",165,2,884659,0.00018651,0.00000226
2020-04-03,23,"South Dakota",187,2,884659,0.00021138,0.00000226
2020-04-04,24,"South Dakota",212,2,884659,0.00023964,0.00000226
2020-03-20,0,"Tennessee",223,1,6829174,0.00003265,0.00000015
2020-03-21,1,"Tennessee",304,1,6829174,0.00004451,0.00000015
2020-03-22,2,"Tennessee",393,2,6829174,0.00005755,0.00000029
2020-03-23,3,"Tennessee",614,2,6829174,0.00008991,0.00000029
2020-03-24,4,"Tennessee",772,2,6829174,0.00011304,0.00000029
2020-03-25,5,"Tennessee",916,3,6829174,0.00013413,0.00000044
2020-03-26,6,"Tennessee",1097,3,6829174,0.00016063,0.00000044
2020-03-27,7,"Tennessee",1318,6,6829174,0.000193,0.00000088
2020-03-28,8,"Tennessee",1511,7,6829174,0.00022126,0.00000103
2020-03-29,9,"Tennessee",1720,8,6829174,0.00025186,0.00000117
2020-03-30,10,"Tennessee",1917,14,6829174,0.00028071,0.00000205
2020-03-31,11,"Tennessee",2391,23,6829174,0.00035012,0.00000337
2020-04-01,12,"Tennessee",2933,24,6829174,0.00042948,0.00000351
2020-04-02,13,"Tennessee",2845,36,6829174,0.0004166,0.00000527
2020-04-03,14,"Tennessee",3067,41,6829174,0.0004491,0.000006
2020-04-04,15,"Tennessee",3322,50,6829174,0.00048644,0.00000732
2020-03-17,0,"Texas",110,1,28995881,0.00000379,0.00000003
2020-03-18,1,"Texas",196,3,28995881,0.00000676,0.0000001
2020-03-19,2,"Texas",306,5,28995881,0.00001055,0.00000017
2020-03-20,3,"Texas",374,4,28995881,0.0000129,0.00000014
2020-03-21,4,"Texas",582,5,28995881,0.00002007,0.00000017
2020-03-22,5,"Texas",643,7,28995881,0.00002218,0.00000024
2020-03-23,6,"Texas",758,9,28995881,0.00002614,0.00000031
2020-03-24,7,"Texas",955,12,28995881,0.00003294,0.00000041
2020-03-25,8,"Texas",1229,15,28995881,0.00004239,0.00000052
2020-03-26,9,"Texas",1563,21,28995881,0.0000539,0.00000072
2020-03-27,10,"Texas",1937,26,28995881,0.0000668,0.0000009
2020-03-28,11,"Texas",2455,30,28995881,0.00008467,0.00000103
2020-03-29,12,"Texas",2792,37,28995881,0.00009629,0.00000128
2020-03-30,13,"Texas",3147,45,28995881,0.00010853,0.00000155
2020-03-31,14,"Texas",3809,54,28995881,0.00013136,0.00000186
2020-04-01,15,"Texas",4355,66,28995881,0.00015019,0.00000228
2020-04-02,16,"Texas",5069,77,28995881,0.00017482,0.00000266
2020-04-03,17,"Texas",5734,100,28995881,0.00019775,0.00000345
2020-04-04,18,"Texas",6556,116,28995881,0.0002261,0.000004
2020-03-22,0,"Utah",162,1,3205958,0.00005053,0.00000031
2020-03-23,1,"Utah",257,1,3205958,0.00008016,0.00000031
2020-03-24,2,"Utah",298,1,3205958,0.00009295,0.00000031
2020-03-25,3,"Utah",340,1,3205958,0.00010605,0.00000031
2020-03-26,4,"Utah",396,1,3205958,0.00012352,0.00000031
2020-03-27,5,"Utah",472,1,3205958,0.00014723,0.00000031
2020-03-28,6,"Utah",602,1,3205958,0.00018778,0.00000031
2020-03-29,7,"Utah",720,2,3205958,0.00022458,0.00000062
2020-03-30,8,"Utah",804,4,3205958,0.00025078,0.00000125
2020-03-31,9,"Utah",888,5,3205958,0.00027698,0.00000156
2020-04-01,10,"Utah",888,5,3205958,0.00027698,0.00000156
2020-04-02,11,"Utah",1092,7,3205958,0.00034062,0.00000218
2020-04-03,12,"Utah",1253,7,3205958,0.00039083,0.00000218
2020-04-04,13,"Utah",1432,8,3205958,0.00044667,0.0000025
2020-03-19,0,"Vermont",22,2,623989,0.00003526,0.00000321
2020-03-20,1,"Vermont",29,2,623989,0.00004648,0.00000321
2020-03-21,2,"Vermont",49,2,623989,0.00007853,0.00000321
2020-03-22,3,"Vermont",52,2,623989,0.00008333,0.00000321
2020-03-23,4,"Vermont",75,5,623989,0.00012019,0.00000801
2020-03-24,5,"Vermont",95,7,623989,0.00015225,0.00001122
2020-03-25,6,"Vermont",125,8,623989,0.00020032,0.00001282
2020-03-26,7,"Vermont",158,9,623989,0.00025321,0.00001442
2020-03-27,8,"Vermont",184,10,623989,0.00029488,0.00001603
2020-03-28,9,"Vermont",211,12,623989,0.00033815,0.00001923
2020-03-29,10,"Vermont",235,12,623989,0.00037661,0.00001923
2020-03-30,11,"Vermont",256,12,623989,0.00041026,0.00001923
2020-03-31,12,"Vermont",293,13,623989,0.00046956,0.00002083
2020-04-01,13,"Vermont",321,16,623989,0.00051443,0.00002564
2020-04-02,14,"Vermont",338,17,623989,0.00054168,0.00002724
2020-04-03,15,"Vermont",389,17,623989,0.00062341,0.00002724
2020-04-04,16,"Vermont",461,20,623989,0.0007388,0.00003205
2020-03-14,0,"Virginia",37,1,8535519,0.00000433,0.00000012
2020-03-15,1,"Virginia",37,1,8535519,0.00000433,0.00000012
2020-03-16,2,"Virginia",49,2,8535519,0.00000574,0.00000023
2020-03-17,3,"Virginia",67,2,8535519,0.00000785,0.00000023
2020-03-18,4,"Virginia",79,2,8535519,0.00000926,0.00000023
2020-03-19,5,"Virginia",103,2,8535519,0.00001207,0.00000023
2020-03-20,6,"Virginia",123,2,8535519,0.00001441,0.00000023
2020-03-21,7,"Virginia",157,3,8535519,0.00001839,0.00000035
2020-03-22,8,"Virginia",220,6,8535519,0.00002577,0.0000007
2020-03-23,9,"Virginia",254,6,8535519,0.00002976,0.0000007
2020-03-24,10,"Virginia",293,9,8535519,0.00003433,0.00000105
2020-03-25,11,"Virginia",396,9,8535519,0.00004639,0.00000105
2020-03-26,12,"Virginia",466,10,8535519,0.0000546,0.00000117
2020-03-27,13,"Virginia",607,10,8535519,0.00007111,0.00000117
2020-03-28,14,"Virginia",740,13,8535519,0.0000867,0.00000152
2020-03-29,15,"Virginia",890,20,8535519,0.00010427,0.00000234
2020-03-30,16,"Virginia",1020,15,8535519,0.0001195,0.00000176
2020-03-31,17,"Virginia",1249,27,8535519,0.00014633,0.00000316
2020-04-01,18,"Virginia",1483,34,8535519,0.00017374,0.00000398
2020-04-02,19,"Virginia",1706,41,8535519,0.00019987,0.0000048
2020-04-03,20,"Virginia",2012,46,8535519,0.00023572,0.00000539
2020-04-04,21,"Virginia",2407,52,8535519,0.000282,0.00000609
2020-02-29,0,"Washington",7,1,7614893,0.00000092,0.00000013
2020-03-01,1,"Washington",11,1,7614893,0.00000144,0.00000013
2020-03-02,2,"Washington",18,6,7614893,0.00000236,0.00000079
2020-03-03,3,"Washington",27,7,7614893,0.00000355,0.00000092
2020-03-04,4,"Washington",39,10,7614893,0.00000512,0.00000131
2020-03-05,5,"Washington",70,11,7614893,0.00000919,0.00000144
2020-03-06,6,"Washington",78,13,7614893,0.00001024,0.00000171
2020-03-07,7,"Washington",102,16,7614893,0.00001339,0.0000021
2020-03-08,8,"Washington",122,18,7614893,0.00001602,0.00000236
2020-03-09,9,"Washington",122,19,7614893,0.00001602,0.0000025
2020-03-10,10,"Washington",167,23,7614893,0.00002193,0.00000302
2020-03-11,11,"Washington",282,24,7614893,0.00003703,0.00000315
2020-03-12,12,"Washington",442,31,7614893,0.00005804,0.00000407
2020-03-13,13,"Washington",568,37,7614893,0.00007459,0.00000486
2020-03-14,14,"Washington",642,39,7614893,0.00008431,0.00000512
2020-03-15,15,"Washington",603,40,7614893,0.00007919,0.00000525
2020-03-16,16,"Washington",779,48,7614893,0.0001023,0.0000063
2020-03-17,17,"Washington",955,55,7614893,0.00012541,0.00000722
2020-03-18,18,"Washington",1022,67,7614893,0.00013421,0.0000088
2020-03-19,19,"Washington",1374,73,7614893,0.00018044,0.00000959
2020-03-20,20,"Washington",1524,83,7614893,0.00020013,0.0000109
2020-03-21,21,"Washington",1793,94,7614893,0.00023546,0.00001234
2020-03-22,22,"Washington",1997,97,7614893,0.00026225,0.00001274
2020-03-23,23,"Washington",2221,109,7614893,0.00029167,0.00001431
2020-03-24,24,"Washington",2328,116,7614893,0.00030572,0.00001523
2020-03-25,25,"Washington",2591,133,7614893,0.00034025,0.00001747
2020-03-26,26,"Washington",3207,150,7614893,0.00042115,0.0000197
2020-03-27,27,"Washington",3477,157,7614893,0.00045661,0.00002062
2020-03-28,28,"Washington",4030,188,7614893,0.00052923,0.00002469
2020-03-29,29,"Washington",4465,198,7614893,0.00058635,0.000026
2020-03-30,30,"Washington",4923,205,7614893,0.0006465,0.00002692
2020-03-31,31,"Washington",5432,225,7614893,0.00071334,0.00002955
2020-04-01,32,"Washington",5608,234,7614893,0.00073645,0.00003073
2020-04-02,33,"Washington",6389,271,7614893,0.00083901,0.00003559
2020-04-03,34,"Washington",6846,291,7614893,0.00089903,0.00003821
2020-04-04,35,"Washington",7247,315,7614893,0.00095169,0.00004137
2020-03-30,0,"West Virginia",145,1,1792147,0.00008091,0.00000056
2020-03-31,1,"West Virginia",162,1,1792147,0.00009039,0.00000056
2020-04-01,2,"West Virginia",191,1,1792147,0.00010658,0.00000056
2020-04-02,3,"West Virginia",216,2,1792147,0.00012053,0.00000112
2020-04-03,4,"West Virginia",237,2,1792147,0.00013224,0.00000112
2020-04-04,5,"West Virginia",282,2,1792147,0.00015735,0.00000112
2020-03-19,0,"Wisconsin",159,4,5822434,0.00002731,0.00000069
2020-03-20,1,"Wisconsin",219,3,5822434,0.00003761,0.00000052
2020-03-21,2,"Wisconsin",282,4,5822434,0.00004843,0.00000069
2020-03-22,3,"Wisconsin",381,4,5822434,0.00006544,0.00000069
2020-03-23,4,"Wisconsin",425,5,5822434,0.00007299,0.00000086
2020-03-24,5,"Wisconsin",481,5,5822434,0.00008261,0.00000086
2020-03-25,6,"Wisconsin",621,7,5822434,0.00010666,0.0000012
2020-03-26,7,"Wisconsin",728,10,5822434,0.00012503,0.00000172
2020-03-27,8,"Wisconsin",926,14,5822434,0.00015904,0.0000024
2020-03-28,9,"Wisconsin",1055,17,5822434,0.0001812,0.00000292
2020-03-29,10,"Wisconsin",1164,18,5822434,0.00019992,0.00000309
2020-03-30,11,"Wisconsin",1230,20,5822434,0.00021125,0.00000343
2020-03-31,12,"Wisconsin",1412,25,5822434,0.00024251,0.00000429
2020-04-01,13,"Wisconsin",1556,27,5822434,0.00026724,0.00000464
2020-04-02,14,"Wisconsin",1748,38,5822434,0.00030022,0.00000653
2020-04-03,15,"Wisconsin",2012,51,5822434,0.00034556,0.00000876
2020-04-04,16,"Wisconsin",2030,54,5822434,0.00034865,0.00000927
