"Country","Date","Day","Cases","Death","Population","Cases_Percent","Death_Percent","Beta"
"Argentina",2020-03-07,0,0,0,44494502,0,0,NA
"Argentina",2020-03-08,1,12,1,44494502,0.00000027,0.00000002,0
"Argentina",2020-03-09,2,12,1,44494502,0.00000027,0.00000002,0
"Argentina",2020-03-10,3,17,1,44494502,0.00000038,0.00000002,3.075
"Argentina",2020-03-11,4,19,1,44494502,0.00000043,0.00000002,0.686
"Argentina",2020-03-12,5,19,1,44494502,0.00000043,0.00000002,0.026
"Argentina",2020-03-13,6,31,2,44494502,0.0000007,0.00000004,0.676
"Argentina",2020-03-14,7,34,2,44494502,0.00000076,0.00000004,0.476
"Argentina",2020-03-15,8,45,2,44494502,0.00000101,0.00000004,0.586
"Argentina",2020-03-16,9,56,2,44494502,0.00000126,0.00000004,0.607
"Argentina",2020-03-17,10,68,2,44494502,0.00000153,0.00000004,0.604
"Argentina",2020-03-18,11,79,2,44494502,0.00000178,0.00000004,0.576
"Argentina",2020-03-19,12,97,3,44494502,0.00000218,0.00000007,0.586
"Argentina",2020-03-20,13,128,3,44494502,0.00000288,0.00000007,0.634
"Argentina",2020-03-21,14,158,4,44494502,0.00000355,0.00000009,0.641
"Argentina",2020-03-22,15,266,4,44494502,0.00000598,0.00000009,0.79
"Argentina",2020-03-23,16,301,4,44494502,0.00000676,0.00000009,0.747
"Argentina",2020-03-24,17,387,6,44494502,0.0000087,0.00000013,0.762
"Argentina",2020-03-25,18,387,8,44494502,0.0000087,0.00000018,0.684
"Argentina",2020-03-26,19,502,9,44494502,0.00001128,0.0000002,0.703
"Argentina",2020-03-27,20,589,13,44494502,0.00001324,0.00000029,0.689
"Argentina",2020-03-28,21,690,18,44494502,0.00001551,0.0000004,0.677
"Argentina",2020-03-29,22,745,19,44494502,0.00001674,0.00000043,0.645
"Argentina",2020-03-30,23,820,23,44494502,0.00001843,0.00000052,0.621
"Argentina",2020-03-31,24,1054,27,44494502,0.00002369,0.00000061,0.636
"Argentina",2020-04-01,25,1054,28,44494502,0.00002369,0.00000063,0.595
"Argentina",2020-04-02,26,1133,36,44494502,0.00002546,0.00000081,0.573
"Argentina",2020-04-03,27,1265,39,44494502,0.00002843,0.00000088,0.561
"Argentina",2020-04-04,28,1451,43,44494502,0.00003261,0.00000097,0.554
"Argentina",2020-04-05,29,1451,44,44494502,0.00003261,0.00000099,0.525
"Australia",2020-02-29,0,0,0,24992369,0,0,NA
"Australia",2020-03-01,1,27,1,24992369,0.00000108,0.00000004,0
"Australia",2020-03-02,2,30,1,24992369,0.0000012,0.00000004,0
"Australia",2020-03-03,3,39,1,24992369,0.00000156,0.00000004,3.475
"Australia",2020-03-04,4,52,2,24992369,0.00000208,0.00000008,1.754
"Australia",2020-03-05,5,55,2,24992369,0.0000022,0.00000008,0.662
"Australia",2020-03-06,6,60,2,24992369,0.0000024,0.00000008,0.392
"Australia",2020-03-07,7,63,2,24992369,0.00000252,0.00000008,0.243
"Australia",2020-03-08,8,76,3,24992369,0.00000304,0.00000012,0.299
"Australia",2020-03-09,9,91,3,24992369,0.00000364,0.00000012,0.335
"Australia",2020-03-10,10,107,3,24992369,0.00000428,0.00000012,0.351
"Australia",2020-03-11,11,128,3,24992369,0.00000512,0.00000012,0.375
"Australia",2020-03-12,12,128,3,24992369,0.00000512,0.00000012,0.307
"Australia",2020-03-13,13,200,3,24992369,0.000008,0.00000012,0.452
"Australia",2020-03-14,14,250,3,24992369,0.00001,0.00000012,0.482
"Australia",2020-03-15,15,297,3,24992369,0.00001188,0.00000012,0.487
"Australia",2020-03-16,16,377,3,24992369,0.00001508,0.00000012,0.515
"Australia",2020-03-17,17,452,5,24992369,0.00001809,0.0000002,0.521
"Australia",2020-03-18,18,568,6,24992369,0.00002273,0.00000024,0.541
"Australia",2020-03-19,19,681,6,24992369,0.00002725,0.00000024,0.545
"Australia",2020-03-20,20,791,7,24992369,0.00003165,0.00000028,0.539
"Australia",2020-03-21,21,1071,7,24992369,0.00004285,0.00000028,0.575
"Australia",2020-03-22,22,1549,7,24992369,0.00006198,0.00000028,0.624
"Australia",2020-03-23,23,1682,7,24992369,0.0000673,0.00000028,0.599
"Australia",2020-03-24,24,2044,8,24992369,0.00008178,0.00000032,0.602
"Australia",2020-03-25,25,2364,8,24992369,0.00009459,0.00000032,0.594
"Australia",2020-03-26,26,2810,13,24992369,0.00011243,0.00000052,0.593
"Australia",2020-03-27,27,3143,13,24992369,0.00012576,0.00000052,0.58
"Australia",2020-03-28,28,3640,14,24992369,0.00014564,0.00000056,0.575
"Australia",2020-03-29,29,3984,16,24992369,0.00015941,0.00000064,0.56
"Australia",2020-03-30,30,4361,17,24992369,0.00017449,0.00000068,0.547
"Australia",2020-03-31,31,4559,18,24992369,0.00018242,0.00000072,0.527
"Australia",2020-04-01,32,4862,20,24992369,0.00019454,0.0000008,0.512
"Australia",2020-04-02,33,5116,24,24992369,0.0002047,0.00000096,0.497
"Australia",2020-04-03,34,5330,28,24992369,0.00021327,0.00000112,0.482
"Australia",2020-04-04,35,5550,30,24992369,0.00022207,0.0000012,0.467
"Australia",2020-04-05,36,5687,35,24992369,0.00022755,0.0000014,0.452
"Austria",2020-03-11,0,0,0,8847037,0,0,NA
"Austria",2020-03-12,1,302,1,8847037,0.00003414,0.00000011,0
"Austria",2020-03-13,2,504,1,8847037,0.00005697,0.00000011,0
"Austria",2020-03-14,3,655,1,8847037,0.00007404,0.00000011,11.5
"Austria",2020-03-15,4,860,1,8847037,0.00009721,0.00000011,4.7
"Austria",2020-03-16,5,1018,3,8847037,0.00011507,0.00000034,2.475
"Austria",2020-03-17,6,1332,3,8847037,0.00015056,0.00000034,1.935
"Austria",2020-03-18,7,1646,4,8847037,0.00018605,0.00000045,1.558
"Austria",2020-03-19,8,2013,6,8847037,0.00022753,0.00000068,1.331
"Austria",2020-03-20,9,2388,6,8847037,0.00026992,0.00000068,1.154
"Austria",2020-03-21,10,2814,8,8847037,0.00031807,0.0000009,1.031
"Austria",2020-03-22,11,3582,16,8847037,0.00040488,0.00000181,1.008
"Austria",2020-03-23,12,4474,21,8847037,0.00050571,0.00000237,0.977
"Austria",2020-03-24,13,5283,28,8847037,0.00059715,0.00000316,0.919
"Austria",2020-03-25,14,5588,30,8847037,0.00063162,0.00000339,0.814
"Austria",2020-03-26,15,6909,49,8847037,0.00078094,0.00000554,0.806
"Austria",2020-03-27,16,7657,58,8847037,0.00086549,0.00000656,0.752
"Austria",2020-03-28,17,8271,68,8847037,0.00093489,0.00000769,0.698
"Austria",2020-03-29,18,8788,86,8847037,0.00099333,0.00000972,0.648
"Austria",2020-03-30,19,9618,108,8847037,0.00108714,0.00001221,0.616
"Austria",2020-03-31,20,10180,128,8847037,0.00115067,0.00001447,0.579
"Austria",2020-04-01,21,10711,146,8847037,0.00121069,0.0000165,0.545
"Austria",2020-04-02,22,11129,158,8847037,0.00125794,0.00001786,0.514
"Austria",2020-04-03,23,11524,168,8847037,0.00130258,0.00001899,0.486
"Austria",2020-04-04,24,11781,186,8847037,0.00133163,0.00002102,0.459
"Austria",2020-04-05,25,12051,204,8847037,0.00136215,0.00002306,0.435
"Belgium",2020-03-10,0,0,0,11422068,0,0,NA
"Belgium",2020-03-11,1,314,3,11422068,0.00002749,0.00000026,0
"Belgium",2020-03-12,2,314,3,11422068,0.00002749,0.00000026,0
"Belgium",2020-03-13,3,559,3,11422068,0.00004894,0.00000026,7.5
"Belgium",2020-03-14,4,689,4,11422068,0.00006032,0.00000035,2.625
"Belgium",2020-03-15,5,886,4,11422068,0.00007757,0.00000035,1.74
"Belgium",2020-03-16,6,1058,5,11422068,0.00009263,0.00000044,1.238
"Belgium",2020-03-17,7,1243,10,11422068,0.00010882,0.00000088,0.979
"Belgium",2020-03-18,8,1486,14,11422068,0.0001301,0.00000123,0.862
"Belgium",2020-03-19,9,1795,21,11422068,0.00015715,0.00000184,0.802
"Belgium",2020-03-20,10,2257,37,11422068,0.0001976,0.00000324,0.797
"Belgium",2020-03-21,11,2815,67,11422068,0.00024645,0.00000587,0.79
"Belgium",2020-03-22,12,3401,75,11422068,0.00029776,0.00000657,0.765
"Belgium",2020-03-23,13,3743,88,11422068,0.0003277,0.0000077,0.694
"Belgium",2020-03-24,14,4269,122,11422068,0.00037375,0.00001068,0.657
"Belgium",2020-03-25,15,4937,178,11422068,0.00043223,0.00001558,0.634
"Belgium",2020-03-26,16,6235,220,11422068,0.00054587,0.00001926,0.651
"Belgium",2020-03-27,17,7284,289,11422068,0.00063771,0.0000253,0.636
"Belgium",2020-03-28,18,9134,353,11422068,0.00079968,0.00003091,0.648
"Belgium",2020-03-29,19,10836,431,11422068,0.00094869,0.00003773,0.641
"Belgium",2020-03-30,20,11899,513,11422068,0.00104176,0.00004491,0.612
"Belgium",2020-03-31,21,12775,705,11422068,0.00111845,0.00006172,0.582
"Belgium",2020-04-01,22,13964,828,11422068,0.00122255,0.00007249,0.56
"Belgium",2020-04-02,23,15348,1011,11422068,0.00134371,0.00008851,0.542
"Belgium",2020-04-03,24,16770,1143,11422068,0.00146821,0.00010007,0.525
"Belgium",2020-04-04,25,18431,1283,11422068,0.00161363,0.00011233,0.511
"Belgium",2020-04-05,26,19691,1447,11422068,0.00172394,0.00012668,0.493
"Brazil",2020-03-16,0,0,0,209469333,0,0,NA
"Brazil",2020-03-17,1,321,1,209469333,0.00000153,0,0
"Brazil",2020-03-18,2,372,3,209469333,0.00000178,0.00000001,0
"Brazil",2020-03-19,3,621,6,209469333,0.00000296,0.00000003,9
"Brazil",2020-03-20,4,793,11,209469333,0.00000379,0.00000005,3.525
"Brazil",2020-03-21,5,1021,15,209469333,0.00000487,0.00000007,2.225
"Brazil",2020-03-22,6,1546,25,209469333,0.00000738,0.00000012,2.2
"Brazil",2020-03-23,7,1924,34,209469333,0.00000919,0.00000016,1.757
"Brazil",2020-03-24,8,2247,46,209469333,0.00001073,0.00000022,1.408
"Brazil",2020-03-25,9,2554,59,209469333,0.00001219,0.00000028,1.163
"Brazil",2020-03-26,10,2985,77,209469333,0.00001425,0.00000037,1.031
"Brazil",2020-03-27,11,3417,92,209469333,0.00001631,0.00000044,0.922
"Brazil",2020-03-28,12,3904,111,209469333,0.00001864,0.00000053,0.842
"Brazil",2020-03-29,13,4256,136,209469333,0.00002032,0.00000065,0.754
"Brazil",2020-03-30,14,4579,159,209469333,0.00002186,0.00000076,0.681
"Brazil",2020-03-31,15,5717,201,209469333,0.00002729,0.00000096,0.69
"Brazil",2020-04-01,16,6836,240,209469333,0.00003263,0.00000115,0.68
"Brazil",2020-04-02,17,8044,324,209469333,0.0000384,0.00000155,0.665
"Brazil",2020-04-03,18,9056,359,209469333,0.00004323,0.00000171,0.638
"Brazil",2020-04-04,19,10360,445,209469333,0.00004946,0.00000212,0.62
"Brazil",2020-04-05,20,11130,486,209469333,0.00005313,0.00000232,0.587
"Canada",2020-03-08,0,0,0,37058856,0,0,NA
"Canada",2020-03-09,1,77,1,37058856,0.00000208,0.00000003,0
"Canada",2020-03-10,2,79,1,37058856,0.00000213,0.00000003,0
"Canada",2020-03-11,3,108,1,37058856,0.00000291,0.00000003,2.975
"Canada",2020-03-12,4,117,1,37058856,0.00000316,0.00000003,0.451
"Canada",2020-03-13,5,193,1,37058856,0.00000521,0.00000003,1.311
"Canada",2020-03-14,6,198,1,37058856,0.00000534,0.00000003,0.657
"Canada",2020-03-15,7,252,1,37058856,0.0000068,0.00000003,0.684
"Canada",2020-03-16,8,415,4,37058856,0.0000112,0.00000011,1.029
"Canada",2020-03-17,9,478,5,37058856,0.0000129,0.00000013,0.885
"Canada",2020-03-18,10,657,8,37058856,0.00001773,0.00000022,0.948
"Canada",2020-03-19,11,800,9,37058856,0.00002159,0.00000024,0.901
"Canada",2020-03-20,12,943,12,37058856,0.00002545,0.00000032,0.845
"Canada",2020-03-21,13,1277,19,37058856,0.00003446,0.00000051,0.885
"Canada",2020-03-22,14,1469,21,37058856,0.00003964,0.00000057,0.829
"Canada",2020-03-23,15,2088,25,37058856,0.00005634,0.00000067,0.889
"Canada",2020-03-24,16,2790,26,37058856,0.00007529,0.0000007,0.912
"Canada",2020-03-25,17,3251,30,37058856,0.00008773,0.00000081,0.872
"Canada",2020-03-26,18,4042,38,37058856,0.00010907,0.00000103,0.865
"Canada",2020-03-27,19,4682,54,37058856,0.00012634,0.00000146,0.832
"Canada",2020-03-28,20,5576,61,37058856,0.00015046,0.00000165,0.814
"Canada",2020-03-29,21,6280,64,37058856,0.00016946,0.00000173,0.781
"Canada",2020-03-30,22,7398,80,37058856,0.00019963,0.00000216,0.765
"Canada",2020-03-31,23,8527,101,37058856,0.00023009,0.00000273,0.745
"Canada",2020-04-01,24,9560,109,37058856,0.00025797,0.00000294,0.72
"Canada",2020-04-02,25,11284,139,37058856,0.00030449,0.00000375,0.711
"Canada",2020-04-03,26,12437,179,37058856,0.0003356,0.00000483,0.687
"Canada",2020-04-04,27,12978,218,37058856,0.0003502,0.00000588,0.654
"Canada",2020-04-05,28,15756,259,37058856,0.00042516,0.00000699,0.654
"Chile",2020-03-21,0,0,0,18729160,0,0,NA
"Chile",2020-03-22,1,632,1,18729160,0.00003374,0.00000005,0
"Chile",2020-03-23,2,746,2,18729160,0.00003983,0.00000011,0
"Chile",2020-03-24,3,922,2,18729160,0.00004923,0.00000011,3.65
"Chile",2020-03-25,4,1142,3,18729160,0.00006097,0.00000016,1.373
"Chile",2020-03-26,5,1306,4,18729160,0.00006973,0.00000021,0.704
"Chile",2020-03-27,6,1610,5,18729160,0.00008596,0.00000027,0.642
"Chile",2020-03-28,7,1909,6,18729160,0.00010193,0.00000032,0.572
"Chile",2020-03-29,8,2139,7,18729160,0.00011421,0.00000037,0.48
"Chile",2020-03-30,9,2449,8,18729160,0.00013076,0.00000043,0.446
"Chile",2020-03-31,10,2738,12,18729160,0.00014619,0.00000064,0.41
"Chile",2020-04-01,11,3031,16,18729160,0.00016183,0.00000085,0.382
"Chile",2020-04-02,12,3404,18,18729160,0.00018175,0.00000096,0.369
"Chile",2020-04-03,13,3737,22,18729160,0.00019953,0.00000117,0.351
"Chile",2020-04-04,14,4161,27,18729160,0.00022217,0.00000144,0.343
"Chile",2020-04-05,15,4471,34,18729160,0.00023872,0.00000182,0.325
"China",2020-01-21,0,0,0,1392730000,0,0,NA
"China",2020-01-22,1,548,17,1392730000,0.00000039,0.00000001,0
"China",2020-01-23,2,643,18,1392730000,0.00000046,0.00000001,0
"China",2020-01-24,3,920,26,1392730000,0.00000066,0.00000002,6.5
"China",2020-01-25,4,1406,42,1392730000,0.00000101,0.00000003,3.875
"China",2020-01-26,5,2075,56,1392730000,0.00000149,0.00000004,3.05
"China",2020-01-27,6,2877,82,1392730000,0.00000207,0.00000006,2.5
"China",2020-01-28,7,5509,131,1392730000,0.00000396,0.00000009,3.05
"China",2020-01-29,8,6087,133,1392730000,0.00000437,0.0000001,2.225
"China",2020-01-30,9,8141,171,1392730000,0.00000585,0.00000012,2.025
"China",2020-01-31,10,9802,213,1392730000,0.00000704,0.00000015,1.753
"China",2020-02-01,11,11891,259,1392730000,0.00000854,0.00000019,1.572
"China",2020-02-02,12,16630,361,1392730000,0.00001194,0.00000026,1.565
"China",2020-02-03,13,19716,425,1392730000,0.00001416,0.00000031,1.429
"China",2020-02-04,14,23707,491,1392730000,0.00001702,0.00000035,1.332
"China",2020-02-05,15,27440,563,1392730000,0.0000197,0.0000004,1.232
"China",2020-02-06,16,30587,633,1392730000,0.00002196,0.00000045,1.132
"China",2020-02-07,17,34110,718,1392730000,0.00002449,0.00000052,1.05
"China",2020-02-08,18,36814,805,1392730000,0.00002643,0.00000058,0.968
"China",2020-02-09,19,39829,905,1392730000,0.0000286,0.00000065,0.902
"China",2020-02-10,20,42354,1012,1392730000,0.00003041,0.00000073,0.839
"China",2020-02-11,21,44386,1112,1392730000,0.00003187,0.0000008,0.782
"China",2020-02-12,22,44759,1117,1392730000,0.00003214,0.0000008,0.722
"China",2020-02-13,23,59895,1369,1392730000,0.00004301,0.00000098,0.744
"China",2020-02-14,24,66358,1521,1392730000,0.00004765,0.00000109,0.717
"China",2020-02-15,25,68413,1663,1392730000,0.00004912,0.00000119,0.676
"China",2020-02-16,26,70513,1766,1392730000,0.00005063,0.00000127,0.639
"China",2020-02-17,27,72434,1864,1392730000,0.00005201,0.00000134,0.607
"China",2020-02-18,28,74211,2003,1392730000,0.00005328,0.00000144,0.577
"China",2020-02-19,29,74619,2116,1392730000,0.00005358,0.00000152,0.547
"China",2020-02-20,30,75077,2238,1392730000,0.00005391,0.00000161,0.521
"China",2020-02-21,31,75550,2238,1392730000,0.00005425,0.00000161,0.497
"China",2020-02-22,32,77001,2443,1392730000,0.00005529,0.00000175,0.477
"China",2020-02-23,33,77022,2445,1392730000,0.0000553,0.00000176,0.457
"China",2020-02-24,34,77241,2595,1392730000,0.00005546,0.00000186,0.438
"China",2020-02-25,35,77754,2665,1392730000,0.00005583,0.00000191,0.422
"China",2020-02-26,36,78166,2717,1392730000,0.00005612,0.00000195,0.407
"China",2020-02-27,37,78600,2746,1392730000,0.00005644,0.00000197,0.393
"China",2020-02-28,38,78928,2790,1392730000,0.00005667,0.000002,0.38
"China",2020-02-29,39,79356,2837,1392730000,0.00005698,0.00000204,0.368
"China",2020-03-01,40,79932,2872,1392730000,0.00005739,0.00000206,0.357
"China",2020-03-02,41,80136,2914,1392730000,0.00005754,0.00000209,0.347
"China",2020-03-03,42,80261,2947,1392730000,0.00005763,0.00000212,0.337
"China",2020-03-04,43,80386,2983,1392730000,0.00005772,0.00000214,0.328
"China",2020-03-05,44,80537,3015,1392730000,0.00005783,0.00000216,0.319
"China",2020-03-06,45,80690,3044,1392730000,0.00005794,0.00000219,0.311
"China",2020-03-07,46,80770,3072,1392730000,0.00005799,0.00000221,0.304
"China",2020-03-08,47,80823,3100,1392730000,0.00005803,0.00000223,0.297
"China",2020-03-09,48,80860,3123,1392730000,0.00005806,0.00000224,0.29
"China",2020-03-10,49,80887,3139,1392730000,0.00005808,0.00000225,0.284
"China",2020-03-11,50,80921,3161,1392730000,0.0000581,0.00000227,0.278
"China",2020-03-12,51,80932,3172,1392730000,0.00005811,0.00000228,0.272
"China",2020-03-13,52,80945,3180,1392730000,0.00005812,0.00000228,0.266
"China",2020-03-14,53,80977,3193,1392730000,0.00005814,0.00000229,0.261
"China",2020-03-15,54,81003,3203,1392730000,0.00005816,0.0000023,0.257
"China",2020-03-16,55,81033,3217,1392730000,0.00005818,0.00000231,0.252
"China",2020-03-17,56,81058,3230,1392730000,0.0000582,0.00000232,0.248
"China",2020-03-18,57,81102,3241,1392730000,0.00005823,0.00000233,0.244
"China",2020-03-19,58,81156,3249,1392730000,0.00005827,0.00000233,0.24
"China",2020-03-20,59,81250,3253,1392730000,0.00005834,0.00000234,0.236
"China",2020-03-21,60,81305,3259,1392730000,0.00005838,0.00000234,0.232
"China",2020-03-22,61,81435,3274,1392730000,0.00005847,0.00000235,0.229
"China",2020-03-23,62,81498,3274,1392730000,0.00005852,0.00000235,0.226
"China",2020-03-24,63,81591,3281,1392730000,0.00005858,0.00000236,0.223
"China",2020-03-25,64,81661,3285,1392730000,0.00005863,0.00000236,0.22
"China",2020-03-26,65,81782,3291,1392730000,0.00005872,0.00000236,0.217
"China",2020-03-27,66,81897,3296,1392730000,0.0000588,0.00000237,0.214
"China",2020-03-28,67,81999,3299,1392730000,0.00005888,0.00000237,0.211
"China",2020-03-29,68,82122,3304,1392730000,0.00005896,0.00000237,0.209
"China",2020-03-30,69,82198,3308,1392730000,0.00005902,0.00000238,0.206
"China",2020-03-31,70,82279,3309,1392730000,0.00005908,0.00000238,0.204
"China",2020-04-01,71,82361,3316,1392730000,0.00005914,0.00000238,0.202
"China",2020-04-02,72,82432,3322,1392730000,0.00005919,0.00000239,0.2
"China",2020-04-03,73,82511,3326,1392730000,0.00005924,0.00000239,0.198
"China",2020-04-04,74,82543,3330,1392730000,0.00005927,0.00000239,0.196
"China",2020-04-05,75,82602,3333,1392730000,0.00005931,0.00000239,0.194
"Colombia",2020-03-21,0,0,0,49648685,0,0,NA
"Colombia",2020-03-22,1,231,2,49648685,0.00000465,0.00000004,0
"Colombia",2020-03-23,2,277,3,49648685,0.00000558,0.00000006,0
"Colombia",2020-03-24,3,378,3,49648685,0.00000761,0.00000006,5.5
"Colombia",2020-03-25,4,470,4,49648685,0.00000947,0.00000008,2.1
"Colombia",2020-03-26,5,491,6,49648685,0.00000989,0.00000012,0.788
"Colombia",2020-03-27,6,539,6,49648685,0.00001086,0.00000012,0.48
"Colombia",2020-03-28,7,608,6,49648685,0.00001225,0.00000012,0.391
"Colombia",2020-03-29,8,702,10,49648685,0.00001414,0.0000002,0.372
"Colombia",2020-03-30,9,798,12,49648685,0.00001607,0.00000024,0.354
"Colombia",2020-03-31,10,906,16,49648685,0.00001825,0.00000032,0.345
"Colombia",2020-04-01,11,1065,17,49648685,0.00002145,0.00000034,0.359
"Colombia",2020-04-02,12,1161,19,49648685,0.00002338,0.00000038,0.335
"Colombia",2020-04-03,13,1267,25,49648685,0.00002552,0.0000005,0.319
"Colombia",2020-04-04,14,1406,32,49648685,0.00002832,0.00000064,0.313
"Colombia",2020-04-05,15,1485,35,49648685,0.00002991,0.0000007,0.293
"Denmark",2020-03-13,0,0,0,5797446,0,0,NA
"Denmark",2020-03-14,1,836,1,5797446,0.0001442,0.00000017,0
"Denmark",2020-03-15,2,875,2,5797446,0.00015093,0.00000034,0
"Denmark",2020-03-16,3,933,3,5797446,0.00016093,0.00000052,0
"Denmark",2020-03-17,4,1025,4,5797446,0.0001768,0.00000069,0
"Denmark",2020-03-18,5,1116,4,5797446,0.0001925,0.00000069,0
"Denmark",2020-03-19,6,1225,6,5797446,0.0002113,0.00000103,0
"Denmark",2020-03-20,7,1337,9,5797446,0.00023062,0.00000155,0
"Denmark",2020-03-21,8,1420,13,5797446,0.00024494,0.00000224,0
"Denmark",2020-03-22,9,1514,13,5797446,0.00026115,0.00000224,0
"Denmark",2020-03-23,10,1572,24,5797446,0.00027115,0.00000414,0
"Denmark",2020-03-24,11,1718,32,5797446,0.00029634,0.00000552,0
"Denmark",2020-03-25,12,1862,34,5797446,0.00032118,0.00000586,0.002
"Denmark",2020-03-26,13,2023,41,5797446,0.00034895,0.00000707,0.022
"Denmark",2020-03-27,14,2200,52,5797446,0.00037948,0.00000897,0.039
"Denmark",2020-03-28,15,2366,65,5797446,0.00040811,0.00001121,0.051
"Denmark",2020-03-29,16,2564,72,5797446,0.00044226,0.00001242,0.064
"Denmark",2020-03-30,17,2755,77,5797446,0.00047521,0.00001328,0.073
"Denmark",2020-03-31,18,3039,90,5797446,0.0005242,0.00001552,0.086
"Denmark",2020-04-01,19,3290,104,5797446,0.00056749,0.00001794,0.095
"Denmark",2020-04-02,20,3573,123,5797446,0.00061631,0.00002122,0.103
"Denmark",2020-04-03,21,3946,139,5797446,0.00068064,0.00002398,0.114
"Denmark",2020-04-04,22,4269,161,5797446,0.00073636,0.00002777,0.12
"Denmark",2020-04-05,23,4561,179,5797446,0.00078673,0.00003088,0.124
"Dominican Republic",2020-03-16,0,0,0,10627165,0,0,NA
"Dominican Republic",2020-03-17,1,21,1,10627165,0.00000198,0.00000009,0
"Dominican Republic",2020-03-18,2,21,1,10627165,0.00000198,0.00000009,0
"Dominican Republic",2020-03-19,3,34,2,10627165,0.0000032,0.00000019,5.5
"Dominican Republic",2020-03-20,4,72,2,10627165,0.00000678,0.00000019,6.5
"Dominican Republic",2020-03-21,5,112,2,10627165,0.00001054,0.00000019,4.875
"Dominican Republic",2020-03-22,6,202,3,10627165,0.00001901,0.00000028,4.8
"Dominican Republic",2020-03-23,7,245,3,10627165,0.00002305,0.00000028,3.45
"Dominican Republic",2020-03-24,8,312,6,10627165,0.00002936,0.00000056,2.8
"Dominican Republic",2020-03-25,9,392,10,10627165,0.00003689,0.00000094,2.375
"Dominican Republic",2020-03-26,10,488,10,10627165,0.00004592,0.00000094,2.075
"Dominican Republic",2020-03-27,11,581,20,10627165,0.00005467,0.00000188,1.82
"Dominican Republic",2020-03-28,12,719,28,10627165,0.00006766,0.00000263,1.667
"Dominican Republic",2020-03-29,13,859,39,10627165,0.00008083,0.00000367,1.522
"Dominican Republic",2020-03-30,14,901,42,10627165,0.00008478,0.00000395,1.319
"Dominican Republic",2020-03-31,15,1109,51,10627165,0.00010436,0.0000048,1.258
"Dominican Republic",2020-04-01,16,1284,57,10627165,0.00012082,0.00000536,1.174
"Dominican Republic",2020-04-02,17,1380,60,10627165,0.00012986,0.00000565,1.07
"Dominican Republic",2020-04-03,18,1488,68,10627165,0.00014002,0.0000064,0.986
"Dominican Republic",2020-04-04,19,1488,68,10627165,0.00014002,0.0000064,0.888
"Dominican Republic",2020-04-05,20,1745,82,10627165,0.0001642,0.00000772,0.86
"Ecuador",2020-03-13,0,0,0,17084357,0,0,NA
"Ecuador",2020-03-14,1,28,2,17084357,0.00000164,0.00000012,0
"Ecuador",2020-03-15,2,28,2,17084357,0.00000164,0.00000012,0
"Ecuador",2020-03-16,3,37,2,17084357,0.00000217,0.00000012,2.125
"Ecuador",2020-03-17,4,58,2,17084357,0.00000339,0.00000012,2.2
"Ecuador",2020-03-18,5,111,2,17084357,0.0000065,0.00000012,3.225
"Ecuador",2020-03-19,6,199,3,17084357,0.00001165,0.00000018,3.525
"Ecuador",2020-03-20,7,367,5,17084357,0.00002148,0.00000029,3.8
"Ecuador",2020-03-21,8,506,7,17084357,0.00002962,0.00000041,3.25
"Ecuador",2020-03-22,9,789,14,17084357,0.00004618,0.00000082,3.15
"Ecuador",2020-03-23,10,981,18,17084357,0.00005742,0.00000105,2.675
"Ecuador",2020-03-24,11,1082,27,17084357,0.00006333,0.00000158,2.225
"Ecuador",2020-03-25,12,1173,28,17084357,0.00006866,0.00000164,1.865
"Ecuador",2020-03-26,13,1403,34,17084357,0.00008212,0.00000199,1.691
"Ecuador",2020-03-27,14,1595,36,17084357,0.00009336,0.00000211,1.52
"Ecuador",2020-03-28,15,1823,48,17084357,0.00010671,0.00000281,1.388
"Ecuador",2020-03-29,16,1924,58,17084357,0.00011262,0.00000339,1.238
"Ecuador",2020-03-30,17,1962,60,17084357,0.00011484,0.00000351,1.101
"Ecuador",2020-03-31,18,2240,75,17084357,0.00013111,0.00000439,1.039
"Ecuador",2020-04-01,19,2748,93,17084357,0.00016085,0.00000544,1.014
"Ecuador",2020-04-02,20,3163,120,17084357,0.00018514,0.00000702,0.969
"Ecuador",2020-04-03,21,3368,145,17084357,0.00019714,0.00000849,0.905
"Ecuador",2020-04-04,22,3465,172,17084357,0.00020282,0.00001007,0.839
"Ecuador",2020-04-05,23,3646,180,17084357,0.00021341,0.00001054,0.789
"Finland",2020-03-20,0,0,0,5518050,0,0,NA
"Finland",2020-03-21,1,523,1,5518050,0.00009478,0.00000018,0
"Finland",2020-03-22,2,626,1,5518050,0.00011345,0.00000018,0
"Finland",2020-03-23,3,700,1,5518050,0.00012686,0.00000018,2.3
"Finland",2020-03-24,4,792,1,5518050,0.00014353,0.00000018,0.435
"Finland",2020-03-25,5,880,3,5518050,0.00015948,0.00000054,0.156
"Finland",2020-03-26,6,958,5,5518050,0.00017361,0.00000091,0.08
"Finland",2020-03-27,7,1041,7,5518050,0.00018865,0.00000127,0.068
"Finland",2020-03-28,8,1167,9,5518050,0.00021149,0.00000163,0.098
"Finland",2020-03-29,9,1240,11,5518050,0.00022472,0.00000199,0.089
"Finland",2020-03-30,10,1352,13,5518050,0.00024501,0.00000236,0.1
"Finland",2020-03-31,11,1418,17,5518050,0.00025697,0.00000308,0.093
"Finland",2020-04-01,12,1446,17,5518050,0.00026205,0.00000308,0.08
"Finland",2020-04-02,13,1518,19,5518050,0.0002751,0.00000344,0.08
"Finland",2020-04-03,14,1615,20,5518050,0.00029268,0.00000362,0.085
"Finland",2020-04-04,15,1882,25,5518050,0.00034106,0.00000453,0.116
"Finland",2020-04-05,16,1927,28,5518050,0.00034922,0.00000507,0.109
"France",2020-02-14,0,0,0,66987244,0,0,NA
"France",2020-02-15,1,12,1,66987244,0.00000018,0.00000001,0
"France",2020-02-16,2,12,1,66987244,0.00000018,0.00000001,0
"France",2020-02-17,3,12,1,66987244,0.00000018,0.00000001,0
"France",2020-02-18,4,12,1,66987244,0.00000018,0.00000001,0
"France",2020-02-19,5,12,1,66987244,0.00000018,0.00000001,0
"France",2020-02-20,6,12,1,66987244,0.00000018,0.00000001,0
"France",2020-02-21,7,12,1,66987244,0.00000018,0.00000001,0
"France",2020-02-22,8,12,1,66987244,0.00000018,0.00000001,0
"France",2020-02-23,9,12,1,66987244,0.00000018,0.00000001,0
"France",2020-02-24,10,12,1,66987244,0.00000018,0.00000001,0
"France",2020-02-25,11,14,1,66987244,0.00000021,0.00000001,0
"France",2020-02-26,12,18,2,66987244,0.00000027,0.00000003,0
"France",2020-02-27,13,38,2,66987244,0.00000057,0.00000003,0.109
"France",2020-02-28,14,57,2,66987244,0.00000085,0.00000003,0.222
"France",2020-02-29,15,100,2,66987244,0.00000149,0.00000003,0.38
"France",2020-03-01,16,130,2,66987244,0.00000194,0.00000003,0.424
"France",2020-03-02,17,191,3,66987244,0.00000285,0.00000004,0.502
"France",2020-03-03,18,204,4,66987244,0.00000305,0.00000006,0.474
"France",2020-03-04,19,288,4,66987244,0.0000043,0.00000006,0.529
"France",2020-03-05,20,380,6,66987244,0.00000567,0.00000009,0.559
"France",2020-03-06,21,656,9,66987244,0.00000979,0.00000013,0.662
"France",2020-03-07,22,959,11,66987244,0.00001432,0.00000016,0.712
"France",2020-03-08,23,1136,19,66987244,0.00001696,0.00000028,0.703
"France",2020-03-09,24,1219,19,66987244,0.0000182,0.00000028,0.67
"France",2020-03-10,25,1794,33,66987244,0.00002678,0.00000049,0.714
"France",2020-03-11,26,2293,48,66987244,0.00003423,0.00000072,0.724
"France",2020-03-12,27,2293,48,66987244,0.00003423,0.00000072,0.679
"France",2020-03-13,28,3681,79,66987244,0.00005495,0.00000118,0.736
"France",2020-03-14,29,4496,91,66987244,0.00006712,0.00000136,0.734
"France",2020-03-15,30,4532,91,66987244,0.00006765,0.00000136,0.696
"France",2020-03-16,31,6683,149,66987244,0.00009977,0.00000222,0.73
"France",2020-03-17,32,7715,149,66987244,0.00011517,0.00000222,0.718
"France",2020-03-18,33,9124,149,66987244,0.00013621,0.00000222,0.712
"France",2020-03-19,34,10970,244,66987244,0.00016376,0.00000364,0.709
"France",2020-03-20,35,12758,451,66987244,0.00019045,0.00000673,0.7
"France",2020-03-21,36,14463,563,66987244,0.00021591,0.0000084,0.689
"France",2020-03-22,37,16243,676,66987244,0.00024248,0.00001009,0.677
"France",2020-03-23,38,20123,862,66987244,0.0003004,0.00001287,0.679
"France",2020-03-24,39,22622,1102,66987244,0.00033771,0.00001645,0.668
"France",2020-03-25,40,25600,1333,66987244,0.00038216,0.0000199,0.659
"France",2020-03-26,41,29551,1698,66987244,0.00044114,0.00002535,0.653
"France",2020-03-27,42,33402,1997,66987244,0.00049863,0.00002981,0.644
"France",2020-03-28,43,38105,2317,66987244,0.00056884,0.00003459,0.638
"France",2020-03-29,44,40708,2611,66987244,0.0006077,0.00003898,0.624
"France",2020-03-30,45,45170,3030,66987244,0.00067431,0.00004523,0.615
"France",2020-03-31,46,52827,3532,66987244,0.00078861,0.00005273,0.612
"France",2020-04-01,47,57749,4043,66987244,0.00086209,0.00006035,0.602
"France",2020-04-02,48,59929,5398,66987244,0.00089463,0.00008058,0.588
"France",2020-04-03,49,65202,6520,66987244,0.00097335,0.00009733,0.579
"France",2020-04-04,50,90848,7574,66987244,0.0013562,0.00011307,0.594
"France",2020-04-05,51,93773,8093,66987244,0.00139986,0.00012081,0.58
"Germany",2020-03-08,0,0,0,82927922,0,0,NA
"Germany",2020-03-09,1,1176,2,82927922,0.00001418,0.00000002,0
"Germany",2020-03-10,2,1457,2,82927922,0.00001757,0.00000002,0
"Germany",2020-03-11,3,1908,3,82927922,0.00002301,0.00000004,5.5
"Germany",2020-03-12,4,2078,3,82927922,0.00002506,0.00000004,1.246
"Germany",2020-03-13,5,3675,7,82927922,0.00004432,0.00000008,2.15
"Germany",2020-03-14,6,4585,9,82927922,0.00005529,0.00000011,1.6
"Germany",2020-03-15,7,5795,11,82927922,0.00006988,0.00000013,1.364
"Germany",2020-03-16,8,7272,17,82927922,0.00008769,0.0000002,1.221
"Germany",2020-03-17,9,9257,24,82927922,0.00011163,0.00000029,1.149
"Germany",2020-03-18,10,12327,28,82927922,0.00014865,0.00000034,1.146
"Germany",2020-03-19,11,15320,44,82927922,0.00018474,0.00000053,1.086
"Germany",2020-03-20,12,19848,67,82927922,0.00023934,0.00000081,1.073
"Germany",2020-03-21,13,22213,84,82927922,0.00026786,0.00000101,0.967
"Germany",2020-03-22,14,24873,94,82927922,0.00029994,0.00000113,0.886
"Germany",2020-03-23,15,29056,123,82927922,0.00035038,0.00000148,0.843
"Germany",2020-03-24,16,32986,157,82927922,0.00039777,0.00000189,0.796
"Germany",2020-03-25,17,37323,206,82927922,0.00045007,0.00000248,0.756
"Germany",2020-03-26,18,43938,267,82927922,0.00052983,0.00000322,0.737
"Germany",2020-03-27,19,50871,342,82927922,0.00061344,0.00000412,0.715
"Germany",2020-03-28,20,57695,433,82927922,0.00069572,0.00000522,0.69
"Germany",2020-03-29,21,62095,533,82927922,0.00074878,0.00000643,0.653
"Germany",2020-03-30,22,66885,645,82927922,0.00080654,0.00000778,0.622
"Germany",2020-03-31,23,71808,775,82927922,0.00086591,0.00000935,0.594
"Germany",2020-04-01,24,77872,920,82927922,0.00093903,0.00001109,0.572
"Germany",2020-04-02,25,84794,1107,82927922,0.0010225,0.00001335,0.553
"Germany",2020-04-03,26,91159,1275,82927922,0.00109926,0.00001537,0.534
"Germany",2020-04-04,27,96092,1444,82927922,0.00115874,0.00001741,0.513
"Germany",2020-04-05,28,100123,1584,82927922,0.00120735,0.0000191,0.493
"Greece",2020-03-10,0,0,0,10727668,0,0,NA
"Greece",2020-03-11,1,99,1,10727668,0.00000923,0.00000009,0
"Greece",2020-03-12,2,99,1,10727668,0.00000923,0.00000009,0
"Greece",2020-03-13,3,190,1,10727668,0.00001771,0.00000009,9
"Greece",2020-03-14,4,228,3,10727668,0.00002125,0.00000028,2.95
"Greece",2020-03-15,5,331,4,10727668,0.00003085,0.00000037,2.425
"Greece",2020-03-16,6,331,4,10727668,0.00003085,0.00000037,1.219
"Greece",2020-03-17,7,387,5,10727668,0.00003607,0.00000047,0.958
"Greece",2020-03-18,8,418,5,10727668,0.00003896,0.00000047,0.723
"Greece",2020-03-19,9,418,6,10727668,0.00003896,0.00000056,0.518
"Greece",2020-03-20,10,495,6,10727668,0.00004614,0.00000056,0.511
"Greece",2020-03-21,11,530,13,10727668,0.0000494,0.00000121,0.446
"Greece",2020-03-22,12,624,15,10727668,0.00005817,0.0000014,0.449
"Greece",2020-03-23,13,695,17,10727668,0.00006479,0.00000158,0.427
"Greece",2020-03-24,14,743,20,10727668,0.00006926,0.00000186,0.394
"Greece",2020-03-25,15,821,22,10727668,0.00007653,0.00000205,0.381
"Greece",2020-03-26,16,892,26,10727668,0.00008315,0.00000242,0.364
"Greece",2020-03-27,17,966,28,10727668,0.00009005,0.00000261,0.351
"Greece",2020-03-28,18,1061,32,10727668,0.0000989,0.00000298,0.343
"Greece",2020-03-29,19,1156,38,10727668,0.00010776,0.00000354,0.335
"Greece",2020-03-30,20,1212,43,10727668,0.00011298,0.00000401,0.319
"Greece",2020-03-31,21,1314,49,10727668,0.00012249,0.00000457,0.313
"Greece",2020-04-01,22,1415,50,10727668,0.0001319,0.00000466,0.307
"Greece",2020-04-02,23,1544,53,10727668,0.00014393,0.00000494,0.304
"Greece",2020-04-03,24,1613,63,10727668,0.00015036,0.00000587,0.294
"Greece",2020-04-04,25,1673,68,10727668,0.00015595,0.00000634,0.283
"Greece",2020-04-05,26,1735,73,10727668,0.00016173,0.0000068,0.274
"Iceland",2020-03-14,0,0,0,353574,0,0,NA
"Iceland",2020-03-15,1,171,5,353574,0.00048363,0.00001414,0
"Iceland",2020-03-17,3,220,1,353574,0.00062222,0.00000283,0
"Iceland",2020-03-18,4,250,1,353574,0.00070707,0.00000283,3.675
"Iceland",2020-03-19,5,330,1,353574,0.00093333,0.00000283,1.767
"Iceland",2020-03-21,7,473,1,353574,0.00133777,0.00000283,1.666
"Iceland",2020-03-22,8,568,1,353574,0.00160645,0.00000283,1.205
"Iceland",2020-03-23,9,588,1,353574,0.00166302,0.00000283,0.759
"Iceland",2020-03-24,10,648,2,353574,0.00183271,0.00000566,0.601
"Iceland",2020-03-25,11,737,2,353574,0.00208443,0.00000566,0.537
"Iceland",2020-03-26,12,802,2,353574,0.00226827,0.00000566,0.466
"Iceland",2020-03-27,13,890,2,353574,0.00251715,0.00000566,0.429
"Iceland",2020-03-28,14,963,2,353574,0.00272362,0.00000566,0.392
"Iceland",2020-03-29,15,1020,2,353574,0.00288483,0.00000566,0.355
"Iceland",2020-03-30,16,1086,2,353574,0.00307149,0.00000566,0.329
"Iceland",2020-03-31,17,1135,2,353574,0.00321008,0.00000566,0.303
"Iceland",2020-04-01,18,1220,2,353574,0.00345048,0.00000566,0.292
"Iceland",2020-04-02,19,1319,4,353574,0.00373048,0.00001131,0.284
"Iceland",2020-04-03,20,1364,4,353574,0.00385775,0.00001131,0.266
"Iceland",2020-04-04,21,1417,4,353574,0.00400765,0.00001131,0.253
"Iceland",2020-04-05,22,1486,4,353574,0.0042028,0.00001131,0.244
"India",2020-03-10,0,0,0,1352617328,0,0,NA
"India",2020-03-11,1,62,1,1352617328,0.00000005,0,0
"India",2020-03-12,2,73,1,1352617328,0.00000005,0,0
"India",2020-03-13,3,82,2,1352617328,0.00000006,0,0.728
"India",2020-03-14,4,102,2,1352617328,0.00000008,0,0.71
"India",2020-03-15,5,113,2,1352617328,0.00000008,0,0.036
"India",2020-03-16,6,119,2,1352617328,0.00000009,0,0.055
"India",2020-03-17,7,142,3,1352617328,0.0000001,0,0.073
"India",2020-03-18,8,156,3,1352617328,0.00000012,0,0.158
"India",2020-03-19,9,194,4,1352617328,0.00000014,0,0.199
"India",2020-03-20,10,244,5,1352617328,0.00000018,0,0.29
"India",2020-03-21,11,330,4,1352617328,0.00000024,0,0.382
"India",2020-03-22,12,396,7,1352617328,0.00000029,0.00000001,0.406
"India",2020-03-23,13,499,10,1352617328,0.00000037,0.00000001,0.452
"India",2020-03-24,14,536,10,1352617328,0.0000004,0.00000001,0.42
"India",2020-03-25,15,657,12,1352617328,0.00000049,0.00000001,0.442
"India",2020-03-26,16,727,20,1352617328,0.00000054,0.00000001,0.425
"India",2020-03-27,17,887,20,1352617328,0.00000066,0.00000001,0.443
"India",2020-03-28,18,987,24,1352617328,0.00000073,0.00000002,0.43
"India",2020-03-29,19,1024,27,1352617328,0.00000076,0.00000002,0.403
"India",2020-03-30,20,1251,32,1352617328,0.00000092,0.00000002,0.417
"India",2020-03-31,21,1397,35,1352617328,0.00000103,0.00000003,0.411
"India",2020-04-01,22,1998,58,1352617328,0.00000148,0.00000004,0.462
"India",2020-04-02,23,2543,72,1352617328,0.00000188,0.00000005,0.482
"India",2020-04-03,24,2567,72,1352617328,0.0000019,0.00000005,0.453
"India",2020-04-04,25,3082,86,1352617328,0.00000228,0.00000006,0.461
"India",2020-04-05,26,3588,99,1352617328,0.00000265,0.00000007,0.461
"Indonesia",2020-03-10,0,0,0,267663435,0,0,NA
"Indonesia",2020-03-11,1,34,1,267663435,0.00000013,0,0
"Indonesia",2020-03-12,2,34,1,267663435,0.00000013,0,0
"Indonesia",2020-03-13,3,69,4,267663435,0.00000026,0.00000001,9.5
"Indonesia",2020-03-14,4,96,5,267663435,0.00000036,0.00000002,4.45
"Indonesia",2020-03-15,5,117,5,267663435,0.00000044,0.00000002,2.475
"Indonesia",2020-03-16,6,134,5,267663435,0.0000005,0.00000002,1.564
"Indonesia",2020-03-17,7,172,5,267663435,0.00000064,0.00000002,1.362
"Indonesia",2020-03-18,8,227,19,267663435,0.00000085,0.00000007,1.302
"Indonesia",2020-03-19,9,311,25,267663435,0.00000116,0.00000009,1.3
"Indonesia",2020-03-20,10,369,32,267663435,0.00000138,0.00000012,1.159
"Indonesia",2020-03-21,11,450,38,267663435,0.00000168,0.00000014,1.079
"Indonesia",2020-03-22,12,514,48,267663435,0.00000192,0.00000018,0.975
"Indonesia",2020-03-23,13,579,49,267663435,0.00000216,0.00000018,0.887
"Indonesia",2020-03-24,14,686,55,267663435,0.00000256,0.00000021,0.847
"Indonesia",2020-03-25,15,790,58,267663435,0.00000295,0.00000022,0.802
"Indonesia",2020-03-26,16,893,78,267663435,0.00000334,0.00000029,0.758
"Indonesia",2020-03-27,17,1046,87,267663435,0.00000391,0.00000033,0.734
"Indonesia",2020-03-28,18,1155,102,267663435,0.00000432,0.00000038,0.694
"Indonesia",2020-03-29,19,1285,114,267663435,0.0000048,0.00000043,0.663
"Indonesia",2020-03-30,20,1414,122,267663435,0.00000528,0.00000046,0.633
"Indonesia",2020-03-31,21,1528,136,267663435,0.00000571,0.00000051,0.602
"Indonesia",2020-04-01,22,1677,157,267663435,0.00000627,0.00000059,0.58
"Indonesia",2020-04-02,23,1790,170,267663435,0.00000669,0.00000064,0.553
"Indonesia",2020-04-03,24,1986,181,267663435,0.00000742,0.00000068,0.539
"Indonesia",2020-04-04,25,2092,191,267663435,0.00000782,0.00000071,0.516
"Indonesia",2020-04-05,26,2273,198,267663435,0.00000849,0.00000074,0.501
"Iran",2020-02-18,0,0,0,81800269,0,0,NA
"Iran",2020-02-19,1,2,2,81800269,0.00000002,0.00000002,0
"Iran",2020-02-20,2,5,2,81800269,0.00000006,0.00000002,0
"Iran",2020-02-21,3,18,4,81800269,0.00000022,0.00000005,20
"Iran",2020-02-22,4,28,5,81800269,0.00000034,0.00000006,20
"Iran",2020-02-23,5,43,8,81800269,0.00000053,0.0000001,20
"Iran",2020-02-24,6,61,12,81800269,0.00000075,0.00000015,14.5
"Iran",2020-02-25,7,95,16,81800269,0.00000116,0.0000002,11
"Iran",2020-02-26,8,139,19,81800269,0.0000017,0.00000023,8.5
"Iran",2020-02-27,9,245,26,81800269,0.000003,0.00000032,8
"Iran",2020-02-28,10,388,34,81800269,0.00000474,0.00000042,7
"Iran",2020-02-29,11,593,43,81800269,0.00000725,0.00000053,6
"Iran",2020-03-01,12,978,54,81800269,0.00001196,0.00000066,6
"Iran",2020-03-02,13,1501,66,81800269,0.00001835,0.00000081,5.5
"Iran",2020-03-03,14,2336,77,81800269,0.00002856,0.00000094,5
"Iran",2020-03-04,15,2922,92,81800269,0.00003572,0.00000112,4.6
"Iran",2020-03-05,16,3513,107,81800269,0.00004295,0.00000131,4.1
"Iran",2020-03-06,17,4747,124,81800269,0.00005803,0.00000152,3.825
"Iran",2020-03-07,18,5823,145,81800269,0.00007119,0.00000177,3.525
"Iran",2020-03-08,19,6566,194,81800269,0.00008027,0.00000237,3.175
"Iran",2020-03-09,20,7161,237,81800269,0.00008754,0.0000029,2.875
"Iran",2020-03-10,21,8042,291,81800269,0.00009831,0.00000356,2.65
"Iran",2020-03-11,22,9000,354,81800269,0.00011002,0.00000433,2.45
"Iran",2020-03-12,23,10075,429,81800269,0.00012317,0.00000524,2.275
"Iran",2020-03-13,24,11364,514,81800269,0.00013892,0.00000628,2.15
"Iran",2020-03-14,25,12729,611,81800269,0.00015561,0.00000747,2.025
"Iran",2020-03-15,26,13938,724,81800269,0.00017039,0.00000885,1.892
"Iran",2020-03-16,27,14991,853,81800269,0.00018326,0.00001043,1.777
"Iran",2020-03-17,28,16169,988,81800269,0.00019766,0.00001208,1.677
"Iran",2020-03-18,29,17361,1135,81800269,0.00021224,0.00001388,1.587
"Iran",2020-03-19,30,18407,1284,81800269,0.00022502,0.0000157,1.502
"Iran",2020-03-20,31,19644,1433,81800269,0.00024015,0.00001752,1.428
"Iran",2020-03-21,32,20610,1556,81800269,0.00025196,0.00001902,1.357
"Iran",2020-03-22,33,21638,1685,81800269,0.00026452,0.0000206,1.293
"Iran",2020-03-23,34,23049,1812,81800269,0.00028177,0.00002215,1.238
"Iran",2020-03-24,35,24811,1934,81800269,0.00030331,0.00002364,1.19
"Iran",2020-03-25,36,27017,2077,81800269,0.00033028,0.00002539,1.149
"Iran",2020-03-26,37,29406,2234,81800269,0.00035949,0.00002731,1.11
"Iran",2020-03-27,38,32332,2378,81800269,0.00039526,0.00002907,1.077
"Iran",2020-03-28,39,35408,2517,81800269,0.00043286,0.00003077,1.045
"Iran",2020-03-29,40,38309,2640,81800269,0.00046832,0.00003227,1.014
"Iran",2020-03-30,41,41495,2757,81800269,0.00050727,0.0000337,0.985
"Iran",2020-03-31,42,44605,2898,81800269,0.00054529,0.00003543,0.957
"Iran",2020-04-01,43,47593,3036,81800269,0.00058182,0.00003711,0.929
"Iran",2020-04-02,44,50468,3160,81800269,0.00061697,0.00003863,0.903
"Iran",2020-04-03,45,53183,3294,81800269,0.00065016,0.00004027,0.877
"Iran",2020-04-04,46,55743,3452,81800269,0.00068145,0.0000422,0.853
"Iran",2020-04-05,47,58226,3603,81800269,0.00071181,0.00004405,0.829
"Ireland",2020-03-10,0,0,0,4853506,0,0,NA
"Ireland",2020-03-11,1,43,1,4853506,0.00000886,0.00000021,0
"Ireland",2020-03-12,2,43,1,4853506,0.00000886,0.00000021,0
"Ireland",2020-03-13,3,90,1,4853506,0.00001854,0.00000021,11
"Ireland",2020-03-14,4,129,2,4853506,0.00002658,0.00000041,5
"Ireland",2020-03-15,5,129,2,4853506,0.00002658,0.00000041,1.978
"Ireland",2020-03-16,6,169,2,4853506,0.00003482,0.00000041,1.621
"Ireland",2020-03-17,7,223,2,4853506,0.00004595,0.00000041,1.461
"Ireland",2020-03-18,8,292,2,4853506,0.00006016,0.00000041,1.359
"Ireland",2020-03-19,9,557,3,4853506,0.00011476,0.00000062,1.802
"Ireland",2020-03-20,10,683,3,4853506,0.00014072,0.00000062,1.598
"Ireland",2020-03-21,11,785,3,4853506,0.00016174,0.00000062,1.391
"Ireland",2020-03-22,12,906,4,4853506,0.00018667,0.00000082,1.245
"Ireland",2020-03-23,13,1125,6,4853506,0.00023179,0.00000124,1.186
"Ireland",2020-03-24,14,1329,7,4853506,0.00027382,0.00000144,1.108
"Ireland",2020-03-25,15,1564,9,4853506,0.00032224,0.00000185,1.044
"Ireland",2020-03-26,16,1819,19,4853506,0.00037478,0.00000391,0.987
"Ireland",2020-03-27,17,2121,22,4853506,0.000437,0.00000453,0.94
"Ireland",2020-03-28,18,2415,36,4853506,0.00049758,0.00000742,0.892
"Ireland",2020-03-29,19,2615,46,4853506,0.00053879,0.00000948,0.833
"Ireland",2020-03-30,20,2910,54,4853506,0.00059957,0.00001113,0.792
"Ireland",2020-03-31,21,3235,71,4853506,0.00066653,0.00001463,0.757
"Ireland",2020-04-01,22,3447,85,4853506,0.00071021,0.00001751,0.714
"Ireland",2020-04-02,23,3849,98,4853506,0.00079303,0.00002019,0.689
"Ireland",2020-04-03,24,4273,120,4853506,0.00088039,0.00002472,0.666
"Ireland",2020-04-04,25,4604,137,4853506,0.00094859,0.00002823,0.639
"Ireland",2020-04-05,26,4994,158,4853506,0.00102895,0.00003255,0.616
"Israel",2020-03-20,0,0,0,8883800,0,0,NA
"Israel",2020-03-21,1,712,1,8883800,0.00008015,0.00000011,0
"Israel",2020-03-22,2,883,1,8883800,0.00009939,0.00000011,0
"Israel",2020-03-23,3,1071,1,8883800,0.00012056,0.00000011,4.15
"Israel",2020-03-24,4,1238,3,8883800,0.00013935,0.00000034,1.154
"Israel",2020-03-25,5,2369,5,8883800,0.00026667,0.00000056,2.4
"Israel",2020-03-26,6,2693,8,8883800,0.00030314,0.0000009,1.521
"Israel",2020-03-27,7,3035,12,8883800,0.00034163,0.00000135,1.104
"Israel",2020-03-28,8,3619,12,8883800,0.00040737,0.00000135,0.953
"Israel",2020-03-29,9,4247,15,8883800,0.00047806,0.00000169,0.845
"Israel",2020-03-30,10,4695,16,8883800,0.00052849,0.0000018,0.725
"Israel",2020-03-31,11,5358,20,8883800,0.00060312,0.00000225,0.665
"Israel",2020-04-01,12,6092,26,8883800,0.00068574,0.00000293,0.62
"Israel",2020-04-02,13,6857,36,8883800,0.00077185,0.00000405,0.581
"Israel",2020-04-03,14,7428,40,8883800,0.00083613,0.0000045,0.534
"Israel",2020-04-04,15,7851,44,8883800,0.00088374,0.00000495,0.488
"Israel",2020-04-05,16,8430,49,8883800,0.00094892,0.00000552,0.457
"Italy",2020-02-20,0,0,0,60431283,0,0,NA
"Italy",2020-02-21,1,20,1,60431283,0.00000033,0.00000002,0
"Italy",2020-02-22,2,62,2,60431283,0.00000103,0.00000003,0
"Italy",2020-02-23,3,155,3,60431283,0.00000256,0.00000005,20
"Italy",2020-02-24,4,229,7,60431283,0.00000379,0.00000012,20
"Italy",2020-02-25,5,322,10,60431283,0.00000533,0.00000017,15.5
"Italy",2020-02-26,6,453,12,60431283,0.0000075,0.0000002,10
"Italy",2020-02-27,7,655,17,60431283,0.00001084,0.00000028,7.5
"Italy",2020-02-28,8,888,21,60431283,0.00001469,0.00000035,6
"Italy",2020-02-29,9,1128,29,60431283,0.00001867,0.00000048,4.75
"Italy",2020-03-01,10,1694,34,60431283,0.00002803,0.00000056,4.325
"Italy",2020-03-02,11,2036,52,60431283,0.00003369,0.00000086,3.625
"Italy",2020-03-03,12,2502,79,60431283,0.0000414,0.00000131,3.175
"Italy",2020-03-04,13,3089,107,60431283,0.00005112,0.00000177,2.825
"Italy",2020-03-05,14,3858,148,60431283,0.00006384,0.00000245,2.575
"Italy",2020-03-06,15,4636,197,60431283,0.00007672,0.00000326,2.35
"Italy",2020-03-07,16,5883,233,60431283,0.00009735,0.00000386,2.2
"Italy",2020-03-08,17,7375,366,60431283,0.00012204,0.00000606,2.075
"Italy",2020-03-09,18,9172,463,60431283,0.00015178,0.00000766,1.954
"Italy",2020-03-10,19,10149,631,60431283,0.00016794,0.00001044,1.793
"Italy",2020-03-11,20,12462,827,60431283,0.00020622,0.00001368,1.71
"Italy",2020-03-12,21,12462,827,60431283,0.00020622,0.00001368,1.545
"Italy",2020-03-13,22,17660,1266,60431283,0.00029223,0.00002095,1.55
"Italy",2020-03-14,23,21157,1441,60431283,0.0003501,0.00002385,1.487
"Italy",2020-03-15,24,24747,1809,60431283,0.00040951,0.00002993,1.423
"Italy",2020-03-16,25,27980,2158,60431283,0.00046301,0.00003571,1.355
"Italy",2020-03-17,26,31506,2503,60431283,0.00052135,0.00004142,1.293
"Italy",2020-03-18,27,35713,2978,60431283,0.00059097,0.00004928,1.24
"Italy",2020-03-19,28,41035,3405,60431283,0.00067904,0.00005634,1.196
"Italy",2020-03-20,29,47021,4032,60431283,0.00077809,0.00006672,1.156
"Italy",2020-03-21,30,53578,4825,60431283,0.00088659,0.00007984,1.119
"Italy",2020-03-22,31,59138,5476,60431283,0.0009786,0.00009062,1.077
"Italy",2020-03-23,32,63927,6077,60431283,0.00105785,0.00010056,1.035
"Italy",2020-03-24,33,69176,6820,60431283,0.00114471,0.00011286,0.996
"Italy",2020-03-25,34,74386,7503,60431283,0.00123092,0.00012416,0.96
"Italy",2020-03-26,35,80589,8215,60431283,0.00133356,0.00013594,0.928
"Italy",2020-03-27,36,86498,9134,60431283,0.00143134,0.00015115,0.898
"Italy",2020-03-28,37,92472,10023,60431283,0.0015302,0.00016586,0.868
"Italy",2020-03-29,38,97689,10779,60431283,0.00161653,0.00017837,0.84
"Italy",2020-03-30,39,101739,11591,60431283,0.00168355,0.0001918,0.811
"Italy",2020-03-31,40,105792,12428,60431283,0.00175062,0.00020566,0.784
"Italy",2020-04-01,41,110574,13155,60431283,0.00182975,0.00021769,0.76
"Italy",2020-04-02,42,115242,13915,60431283,0.00190699,0.00023026,0.737
"Italy",2020-04-03,43,119827,14681,60431283,0.00198286,0.00024294,0.716
"Italy",2020-04-04,44,124632,15362,60431283,0.00206238,0.00025421,0.696
"Italy",2020-04-05,45,128948,15887,60431283,0.0021338,0.00026289,0.676
"Japan",2020-02-12,0,0,0,126529100,0,0,NA
"Japan",2020-02-13,1,28,1,126529100,0.00000022,0.00000001,0
"Japan",2020-02-14,2,29,1,126529100,0.00000023,0.00000001,0
"Japan",2020-02-15,3,43,1,126529100,0.00000034,0.00000001,4.625
"Japan",2020-02-16,4,59,1,126529100,0.00000047,0.00000001,2.425
"Japan",2020-02-17,5,66,1,126529100,0.00000052,0.00000001,1.117
"Japan",2020-02-18,6,74,1,126529100,0.00000058,0.00000001,0.709
"Japan",2020-02-19,7,84,1,126529100,0.00000066,0.00000001,0.562
"Japan",2020-02-20,8,94,1,126529100,0.00000074,0.00000001,0.473
"Japan",2020-02-21,9,105,1,126529100,0.00000083,0.00000001,0.424
"Japan",2020-02-22,10,122,1,126529100,0.00000096,0.00000001,0.415
"Japan",2020-02-23,11,147,1,126529100,0.00000116,0.00000001,0.437
"Japan",2020-02-24,12,159,1,126529100,0.00000126,0.00000001,0.4
"Japan",2020-02-25,13,170,1,126529100,0.00000134,0.00000001,0.364
"Japan",2020-02-26,14,189,2,126529100,0.00000149,0.00000002,0.354
"Japan",2020-02-27,15,214,4,126529100,0.00000169,0.00000003,0.353
"Japan",2020-02-28,16,228,4,126529100,0.0000018,0.00000003,0.334
"Japan",2020-02-29,17,241,5,126529100,0.0000019,0.00000004,0.315
"Japan",2020-03-01,18,256,6,126529100,0.00000202,0.00000005,0.302
"Japan",2020-03-02,19,274,6,126529100,0.00000217,0.00000005,0.294
"Japan",2020-03-03,20,293,6,126529100,0.00000232,0.00000005,0.286
"Japan",2020-03-04,21,331,6,126529100,0.00000262,0.00000005,0.291
"Japan",2020-03-05,22,360,6,126529100,0.00000285,0.00000005,0.288
"Japan",2020-03-06,23,420,6,126529100,0.00000332,0.00000005,0.298
"Japan",2020-03-07,24,461,6,126529100,0.00000364,0.00000005,0.296
"Japan",2020-03-08,25,502,6,126529100,0.00000397,0.00000005,0.294
"Japan",2020-03-09,26,511,10,126529100,0.00000404,0.00000008,0.282
"Japan",2020-03-10,27,581,10,126529100,0.00000459,0.00000008,0.287
"Japan",2020-03-11,28,639,15,126529100,0.00000505,0.00000012,0.287
"Japan",2020-03-12,29,639,16,126529100,0.00000505,0.00000013,0.274
"Japan",2020-03-13,30,701,19,126529100,0.00000554,0.00000015,0.275
"Japan",2020-03-14,31,773,22,126529100,0.00000611,0.00000017,0.276
"Japan",2020-03-15,32,839,22,126529100,0.00000663,0.00000017,0.275
"Japan",2020-03-16,33,839,27,126529100,0.00000663,0.00000021,0.265
"Japan",2020-03-17,34,878,29,126529100,0.00000694,0.00000023,0.261
"Japan",2020-03-18,35,889,29,126529100,0.00000703,0.00000023,0.253
"Japan",2020-03-19,36,924,29,126529100,0.0000073,0.00000023,0.249
"Japan",2020-03-20,37,963,33,126529100,0.00000761,0.00000026,0.246
"Japan",2020-03-21,38,1007,35,126529100,0.00000796,0.00000028,0.243
"Japan",2020-03-22,39,1101,41,126529100,0.0000087,0.00000032,0.244
"Japan",2020-03-23,40,1128,42,126529100,0.00000891,0.00000033,0.24
"Japan",2020-03-24,41,1193,43,126529100,0.00000943,0.00000034,0.238
"Japan",2020-03-25,42,1307,45,126529100,0.00001033,0.00000036,0.24
"Japan",2020-03-26,43,1387,47,126529100,0.00001096,0.00000037,0.239
"Japan",2020-03-27,44,1468,49,126529100,0.0000116,0.00000039,0.237
"Japan",2020-03-28,45,1693,52,126529100,0.00001338,0.00000041,0.243
"Japan",2020-03-29,46,1866,54,126529100,0.00001475,0.00000043,0.244
"Japan",2020-03-30,47,1866,54,126529100,0.00001475,0.00000043,0.239
"Japan",2020-03-31,48,1953,56,126529100,0.00001544,0.00000044,0.237
"Japan",2020-04-01,49,2178,57,126529100,0.00001721,0.00000045,0.24
"Japan",2020-04-02,50,2495,62,126529100,0.00001972,0.00000049,0.244
"Japan",2020-04-03,51,2617,63,126529100,0.00002068,0.0000005,0.242
"Japan",2020-04-04,52,3139,77,126529100,0.00002481,0.00000061,0.249
"Japan",2020-04-05,53,3139,77,126529100,0.00002481,0.00000061,0.244
"Korea, South",2020-02-19,0,0,0,51635256,0,0,NA
"Korea, South",2020-02-20,1,104,1,51635256,0.00000201,0.00000002,0
"Korea, South",2020-02-21,2,204,2,51635256,0.00000395,0.00000004,0
"Korea, South",2020-02-22,3,433,2,51635256,0.00000839,0.00000004,20
"Korea, South",2020-02-23,4,602,6,51635256,0.00001166,0.00000012,14
"Korea, South",2020-02-24,5,833,8,51635256,0.00001613,0.00000015,8
"Korea, South",2020-02-25,6,977,10,51635256,0.00001892,0.00000019,4.7
"Korea, South",2020-02-26,7,1261,12,51635256,0.00002442,0.00000023,3.575
"Korea, South",2020-02-27,8,1766,13,51635256,0.0000342,0.00000025,3.1
"Korea, South",2020-02-28,9,2337,13,51635256,0.00004526,0.00000025,2.7
"Korea, South",2020-02-29,10,3150,16,51635256,0.000061,0.00000031,2.475
"Korea, South",2020-03-01,11,3736,17,51635256,0.00007235,0.00000033,2.125
"Korea, South",2020-03-02,12,4335,28,51635256,0.00008395,0.00000054,1.862
"Korea, South",2020-03-03,13,5186,28,51635256,0.00010044,0.00000054,1.69
"Korea, South",2020-03-04,14,5621,35,51635256,0.00010886,0.00000068,1.484
"Korea, South",2020-03-05,15,6088,35,51635256,0.0001179,0.00000068,1.323
"Korea, South",2020-03-06,16,6593,42,51635256,0.00012768,0.00000081,1.196
"Korea, South",2020-03-07,17,7041,44,51635256,0.00013636,0.00000085,1.086
"Korea, South",2020-03-08,18,7314,50,51635256,0.00014165,0.00000097,0.985
"Korea, South",2020-03-09,19,7478,53,51635256,0.00014482,0.00000103,0.895
"Korea, South",2020-03-10,20,7513,54,51635256,0.0001455,0.00000105,0.814
"Korea, South",2020-03-11,21,7755,60,51635256,0.00015019,0.00000116,0.755
"Korea, South",2020-03-12,22,7869,66,51635256,0.0001524,0.00000128,0.699
"Korea, South",2020-03-13,23,7979,66,51635256,0.00015453,0.00000128,0.651
"Korea, South",2020-03-14,24,8086,72,51635256,0.0001566,0.00000139,0.609
"Korea, South",2020-03-15,25,8162,75,51635256,0.00015807,0.00000145,0.571
"Korea, South",2020-03-16,26,8236,75,51635256,0.0001595,0.00000145,0.538
"Korea, South",2020-03-17,27,8320,81,51635256,0.00016113,0.00000157,0.51
"Korea, South",2020-03-18,28,8413,84,51635256,0.00016293,0.00000163,0.484
"Korea, South",2020-03-19,29,8565,91,51635256,0.00016588,0.00000176,0.462
"Korea, South",2020-03-20,30,8652,94,51635256,0.00016756,0.00000182,0.442
"Korea, South",2020-03-21,31,8799,102,51635256,0.00017041,0.00000198,0.424
"Korea, South",2020-03-22,32,8961,111,51635256,0.00017354,0.00000215,0.408
"Korea, South",2020-03-23,33,8961,111,51635256,0.00017354,0.00000215,0.391
"Korea, South",2020-03-24,34,9037,120,51635256,0.00017502,0.00000232,0.377
"Korea, South",2020-03-25,35,9137,126,51635256,0.00017695,0.00000244,0.364
"Korea, South",2020-03-26,36,9241,131,51635256,0.00017897,0.00000254,0.352
"Korea, South",2020-03-27,37,9332,139,51635256,0.00018073,0.00000269,0.341
"Korea, South",2020-03-28,38,9478,144,51635256,0.00018356,0.00000279,0.332
"Korea, South",2020-03-29,39,9583,152,51635256,0.00018559,0.00000294,0.323
"Korea, South",2020-03-30,40,9661,158,51635256,0.0001871,0.00000306,0.314
"Korea, South",2020-03-31,41,9786,162,51635256,0.00018952,0.00000314,0.306
"Korea, South",2020-04-01,42,9887,165,51635256,0.00019148,0.0000032,0.299
"Korea, South",2020-04-02,43,9976,169,51635256,0.0001932,0.00000327,0.291
"Korea, South",2020-04-03,44,10062,174,51635256,0.00019487,0.00000337,0.285
"Korea, South",2020-04-04,45,10156,177,51635256,0.00019669,0.00000343,0.279
"Korea, South",2020-04-05,46,10237,183,51635256,0.00019826,0.00000354,0.273
"Luxembourg",2020-03-13,0,0,0,607728,0,0,NA
"Luxembourg",2020-03-14,1,51,1,607728,0.00008392,0.00000165,0
"Luxembourg",2020-03-15,2,59,1,607728,0.00009708,0.00000165,0
"Luxembourg",2020-03-16,3,77,1,607728,0.0001267,0.00000165,4.225
"Luxembourg",2020-03-17,4,140,1,607728,0.00023037,0.00000165,4.375
"Luxembourg",2020-03-18,5,203,2,607728,0.00033403,0.00000329,3.25
"Luxembourg",2020-03-19,6,335,4,607728,0.00055123,0.00000658,3.225
"Luxembourg",2020-03-20,7,484,4,607728,0.00079641,0.00000658,2.85
"Luxembourg",2020-03-21,8,670,8,607728,0.00110247,0.00001316,2.55
"Luxembourg",2020-03-22,9,798,8,607728,0.00131309,0.00001316,2.1
"Luxembourg",2020-03-23,10,875,8,607728,0.00143979,0.00001316,1.692
"Luxembourg",2020-03-24,11,1099,8,607728,0.00180837,0.00001316,1.557
"Luxembourg",2020-03-25,12,1333,8,607728,0.00219342,0.00001316,1.426
"Luxembourg",2020-03-26,13,1453,9,607728,0.00239087,0.00001481,1.248
"Luxembourg",2020-03-27,14,1605,15,607728,0.00264098,0.00002468,1.121
"Luxembourg",2020-03-28,15,1831,18,607728,0.00301286,0.00002962,1.038
"Luxembourg",2020-03-29,16,1950,21,607728,0.00320867,0.00003455,0.939
"Luxembourg",2020-03-30,17,1988,22,607728,0.0032712,0.0000362,0.84
"Luxembourg",2020-03-31,18,2178,23,607728,0.00358384,0.00003785,0.787
"Luxembourg",2020-04-01,19,2319,29,607728,0.00381585,0.00004772,0.732
"Luxembourg",2020-04-02,20,2487,30,607728,0.00409229,0.00004936,0.689
"Luxembourg",2020-04-03,21,2612,31,607728,0.00429798,0.00005101,0.645
"Luxembourg",2020-04-04,22,2729,31,607728,0.0044905,0.00005101,0.607
"Luxembourg",2020-04-05,23,2804,36,607728,0.00461391,0.00005924,0.57
"Malaysia",2020-03-16,0,0,0,31528585,0,0,NA
"Malaysia",2020-03-17,1,673,2,31528585,0.00002135,0.00000006,0
"Malaysia",2020-03-18,2,790,2,31528585,0.00002506,0.00000006,0
"Malaysia",2020-03-19,3,900,2,31528585,0.00002855,0.00000006,2.275
"Malaysia",2020-03-20,4,1030,3,31528585,0.00003267,0.0000001,0.486
"Malaysia",2020-03-21,5,1183,4,31528585,0.00003752,0.00000013,0.264
"Malaysia",2020-03-22,6,1306,10,31528585,0.00004142,0.00000032,0.168
"Malaysia",2020-03-23,7,1518,14,31528585,0.00004815,0.00000044,0.204
"Malaysia",2020-03-24,8,1624,16,31528585,0.00005151,0.00000051,0.163
"Malaysia",2020-03-25,9,1796,20,31528585,0.00005696,0.00000063,0.166
"Malaysia",2020-03-26,10,2031,23,31528585,0.00006442,0.00000073,0.185
"Malaysia",2020-03-27,11,2161,26,31528585,0.00006854,0.00000082,0.171
"Malaysia",2020-03-28,12,2320,27,31528585,0.00007358,0.00000086,0.167
"Malaysia",2020-03-29,13,2470,35,31528585,0.00007834,0.00000111,0.161
"Malaysia",2020-03-30,14,2626,37,31528585,0.00008329,0.00000117,0.158
"Malaysia",2020-03-31,15,2766,43,31528585,0.00008773,0.00000136,0.153
"Malaysia",2020-04-01,16,2908,45,31528585,0.00009223,0.00000143,0.149
"Malaysia",2020-04-02,17,3116,50,31528585,0.00009883,0.00000159,0.151
"Malaysia",2020-04-03,18,3333,53,31528585,0.00010571,0.00000168,0.153
"Malaysia",2020-04-04,19,3483,57,31528585,0.00011047,0.00000181,0.15
"Malaysia",2020-04-05,20,3662,61,31528585,0.00011615,0.00000193,0.149
"Mexico",2020-03-18,0,0,0,126190788,0,0,NA
"Mexico",2020-03-19,1,118,1,126190788,0.00000094,0.00000001,0
"Mexico",2020-03-20,2,164,1,126190788,0.0000013,0.00000001,0
"Mexico",2020-03-21,3,203,2,126190788,0.00000161,0.00000002,6.5
"Mexico",2020-03-22,4,251,2,126190788,0.00000199,0.00000002,2.375
"Mexico",2020-03-23,5,316,3,126190788,0.0000025,0.00000002,1.522
"Mexico",2020-03-24,6,367,4,126190788,0.00000291,0.00000003,1.045
"Mexico",2020-03-25,7,405,5,126190788,0.00000321,0.00000004,0.748
"Mexico",2020-03-26,8,475,6,126190788,0.00000376,0.00000005,0.661
"Mexico",2020-03-27,9,585,8,126190788,0.00000464,0.00000006,0.659
"Mexico",2020-03-28,10,717,12,126190788,0.00000568,0.0000001,0.655
"Mexico",2020-03-29,11,848,16,126190788,0.00000672,0.00000013,0.63
"Mexico",2020-03-30,12,993,20,126190788,0.00000787,0.00000016,0.607
"Mexico",2020-03-31,13,1094,28,126190788,0.00000867,0.00000022,0.559
"Mexico",2020-04-01,14,1215,29,126190788,0.00000963,0.00000023,0.526
"Mexico",2020-04-02,15,1378,37,126190788,0.00001092,0.00000029,0.508
"Mexico",2020-04-03,16,1510,50,126190788,0.00001197,0.0000004,0.482
"Mexico",2020-04-04,17,1688,60,126190788,0.00001338,0.00000048,0.467
"Mexico",2020-04-05,18,1890,79,126190788,0.00001498,0.00000063,0.456
"Netherlands",2020-03-05,0,0,0,17231017,0,0,NA
"Netherlands",2020-03-06,1,128,1,17231017,0.00000743,0.00000006,0
"Netherlands",2020-03-07,2,188,1,17231017,0.00001091,0.00000006,0
"Netherlands",2020-03-08,3,265,3,17231017,0.00001538,0.00000017,10.5
"Netherlands",2020-03-09,4,321,3,17231017,0.00001863,0.00000017,3.625
"Netherlands",2020-03-10,5,382,4,17231017,0.00002217,0.00000023,1.957
"Netherlands",2020-03-11,6,503,5,17231017,0.00002919,0.00000029,1.62
"Netherlands",2020-03-12,7,503,5,17231017,0.00002919,0.00000029,0.967
"Netherlands",2020-03-13,8,806,10,17231017,0.00004678,0.00000058,1.247
"Netherlands",2020-03-14,9,962,12,17231017,0.00005583,0.0000007,1.095
"Netherlands",2020-03-15,10,1138,20,17231017,0.00006604,0.00000116,0.987
"Netherlands",2020-03-16,11,1416,24,17231017,0.00008218,0.00000139,0.951
"Netherlands",2020-03-17,12,1711,43,17231017,0.0000993,0.0000025,0.905
"Netherlands",2020-03-18,13,2058,58,17231017,0.00011944,0.00000337,0.867
"Netherlands",2020-03-19,14,2467,77,17231017,0.00014317,0.00000447,0.835
"Netherlands",2020-03-20,15,3003,107,17231017,0.00017428,0.00000621,0.818
"Netherlands",2020-03-21,16,3640,137,17231017,0.00021125,0.00000795,0.802
"Netherlands",2020-03-22,17,4217,180,17231017,0.00024473,0.00001045,0.771
"Netherlands",2020-03-23,18,4764,214,17231017,0.00027648,0.00001242,0.735
"Netherlands",2020-03-24,19,5580,277,17231017,0.00032383,0.00001608,0.717
"Netherlands",2020-03-25,20,6438,357,17231017,0.00037363,0.00002072,0.697
"Netherlands",2020-03-26,21,7468,435,17231017,0.0004334,0.00002525,0.682
"Netherlands",2020-03-27,22,8647,547,17231017,0.00050183,0.00003175,0.667
"Netherlands",2020-03-28,23,9819,640,17231017,0.00056984,0.00003714,0.65
"Netherlands",2020-03-29,24,10930,772,17231017,0.00063432,0.0000448,0.63
"Netherlands",2020-03-30,25,11817,865,17231017,0.0006858,0.0000502,0.606
"Netherlands",2020-03-31,26,12667,1040,17231017,0.00073513,0.00006036,0.583
"Netherlands",2020-04-01,27,13696,1175,17231017,0.00079485,0.00006819,0.564
"Netherlands",2020-04-02,28,14788,1341,17231017,0.00085822,0.00007782,0.547
"Netherlands",2020-04-03,29,15821,1490,17231017,0.00091817,0.00008647,0.529
"Netherlands",2020-04-04,30,16727,1656,17231017,0.00097075,0.00009611,0.512
"Netherlands",2020-04-05,31,17953,1771,17231017,0.0010419,0.00010278,0.498
"Norway",2020-03-13,0,0,0,5314336,0,0,NA
"Norway",2020-03-14,1,1090,3,5314336,0.00020511,0.00000056,0
"Norway",2020-03-15,2,1221,3,5314336,0.00022976,0.00000056,0
"Norway",2020-03-16,3,1333,3,5314336,0.00025083,0.00000056,0.986
"Norway",2020-03-17,4,1463,3,5314336,0.00027529,0.00000056,0
"Norway",2020-03-18,5,1550,6,5314336,0.00029166,0.00000113,0
"Norway",2020-03-19,6,1746,7,5314336,0.00032855,0.00000132,0
"Norway",2020-03-20,7,1914,7,5314336,0.00036016,0.00000132,0
"Norway",2020-03-21,8,2118,7,5314336,0.00039854,0.00000132,0
"Norway",2020-03-22,9,2385,7,5314336,0.00044879,0.00000132,0.039
"Norway",2020-03-23,10,2621,10,5314336,0.00049319,0.00000188,0.063
"Norway",2020-03-24,11,2863,12,5314336,0.00053873,0.00000226,0.079
"Norway",2020-03-25,12,3084,14,5314336,0.00058032,0.00000263,0.088
"Norway",2020-03-26,13,3369,14,5314336,0.00063395,0.00000263,0.101
"Norway",2020-03-27,14,3755,19,5314336,0.00070658,0.00000358,0.119
"Norway",2020-03-28,15,4015,23,5314336,0.0007555,0.00000433,0.122
"Norway",2020-03-29,16,4284,25,5314336,0.00080612,0.0000047,0.125
"Norway",2020-03-30,17,4445,32,5314336,0.00083642,0.00000602,0.121
"Norway",2020-03-31,18,4641,39,5314336,0.0008733,0.00000734,0.12
"Norway",2020-04-01,19,4863,44,5314336,0.00091507,0.00000828,0.12
"Norway",2020-04-02,20,5147,50,5314336,0.00096851,0.00000941,0.122
"Norway",2020-04-03,21,5370,59,5314336,0.00101047,0.0000111,0.122
"Norway",2020-04-04,22,5550,62,5314336,0.00104434,0.00001167,0.12
"Norway",2020-04-05,23,5687,71,5314336,0.00107012,0.00001336,0.117
"Pakistan",2020-03-18,0,0,0,212215030,0,0,NA
"Pakistan",2020-03-19,1,454,2,212215030,0.00000214,0.00000001,0
"Pakistan",2020-03-20,2,501,3,212215030,0.00000236,0.00000001,0
"Pakistan",2020-03-21,3,730,3,212215030,0.00000344,0.00000001,5.5
"Pakistan",2020-03-22,4,776,5,212215030,0.00000366,0.00000002,1.063
"Pakistan",2020-03-23,5,875,6,212215030,0.00000412,0.00000003,0.504
"Pakistan",2020-03-24,6,972,7,212215030,0.00000458,0.00000003,0.328
"Pakistan",2020-03-25,7,1063,8,212215030,0.00000501,0.00000004,0.247
"Pakistan",2020-03-26,8,1201,9,212215030,0.00000566,0.00000004,0.242
"Pakistan",2020-03-27,9,1373,11,212215030,0.00000647,0.00000005,0.254
"Pakistan",2020-03-28,10,1495,12,212215030,0.00000704,0.00000006,0.235
"Pakistan",2020-03-29,11,1597,14,212215030,0.00000753,0.00000007,0.216
"Pakistan",2020-03-30,12,1717,21,212215030,0.00000809,0.0000001,0.206
"Pakistan",2020-03-31,13,1938,26,212215030,0.00000913,0.00000012,0.218
"Pakistan",2020-04-01,14,2118,27,212215030,0.00000998,0.00000013,0.217
"Pakistan",2020-04-02,15,2421,34,212215030,0.00001141,0.00000016,0.232
"Pakistan",2020-04-03,16,2686,40,212215030,0.00001266,0.00000019,0.236
"Pakistan",2020-04-04,17,2818,41,212215030,0.00001328,0.00000019,0.225
"Pakistan",2020-04-05,18,3157,47,212215030,0.00001488,0.00000022,0.232
"Panama",2020-03-10,0,0,0,4176873,0,0,NA
"Panama",2020-03-11,1,8,1,4176873,0.00000192,0.00000024,0
"Panama",2020-03-12,2,11,1,4176873,0.00000263,0.00000024,0
"Panama",2020-03-13,3,27,1,4176873,0.00000646,0.00000024,20
"Panama",2020-03-14,4,36,1,4176873,0.00000862,0.00000024,10
"Panama",2020-03-15,5,43,1,4176873,0.00001029,0.00000024,4.9
"Panama",2020-03-16,6,55,1,4176873,0.00001317,0.00000024,3.4
"Panama",2020-03-17,7,69,1,4176873,0.00001652,0.00000024,2.6
"Panama",2020-03-18,8,86,1,4176873,0.00002059,0.00000024,2.125
"Panama",2020-03-19,9,109,1,4176873,0.0000261,0.00000024,1.873
"Panama",2020-03-20,10,137,1,4176873,0.0000328,0.00000024,1.685
"Panama",2020-03-21,11,200,1,4176873,0.00004788,0.00000024,1.708
"Panama",2020-03-22,12,313,3,4176873,0.00007494,0.00000072,1.795
"Panama",2020-03-23,13,345,6,4176873,0.0000826,0.00000144,1.564
"Panama",2020-03-24,14,345,6,4176873,0.0000826,0.00000144,1.322
"Panama",2020-03-25,15,443,8,4176873,0.00010606,0.00000192,1.286
"Panama",2020-03-26,16,558,8,4176873,0.00013359,0.00000192,1.246
"Panama",2020-03-27,17,674,9,4176873,0.00016136,0.00000215,1.191
"Panama",2020-03-28,18,786,14,4176873,0.00018818,0.00000335,1.129
"Panama",2020-03-29,19,901,17,4176873,0.00021571,0.00000407,1.069
"Panama",2020-03-30,20,989,24,4176873,0.00023678,0.00000575,1.002
"Panama",2020-03-31,21,1181,30,4176873,0.00028275,0.00000718,0.974
"Panama",2020-04-01,22,1181,30,4176873,0.00028275,0.00000718,0.893
"Panama",2020-04-02,23,1317,32,4176873,0.00031531,0.00000766,0.855
"Panama",2020-04-03,24,1475,37,4176873,0.00035313,0.00000886,0.822
"Panama",2020-04-04,25,1673,41,4176873,0.00040054,0.00000982,0.797
"Panama",2020-04-05,26,1801,46,4176873,0.00043118,0.00001101,0.762
"Peru",2020-03-19,0,0,0,31989256,0,0,NA
"Peru",2020-03-20,1,234,3,31989256,0.00000731,0.00000009,0
"Peru",2020-03-21,2,318,5,31989256,0.00000994,0.00000016,0
"Peru",2020-03-22,3,363,5,31989256,0.00001135,0.00000016,4.7
"Peru",2020-03-23,4,395,5,31989256,0.00001235,0.00000016,0.996
"Peru",2020-03-24,5,416,7,31989256,0.000013,0.00000022,0.294
"Peru",2020-03-25,6,480,9,31989256,0.00001501,0.00000028,0.259
"Peru",2020-03-26,7,580,9,31989256,0.00001813,0.00000028,0.316
"Peru",2020-03-27,8,635,11,31989256,0.00001985,0.00000034,0.266
"Peru",2020-03-28,9,671,16,31989256,0.00002098,0.0000005,0.216
"Peru",2020-03-29,10,852,18,31989256,0.00002663,0.00000056,0.297
"Peru",2020-03-30,11,950,24,31989256,0.0000297,0.00000075,0.29
"Peru",2020-03-31,12,1065,30,31989256,0.00003329,0.00000094,0.289
"Peru",2020-04-01,13,1323,38,31989256,0.00004136,0.00000119,0.332
"Peru",2020-04-02,14,1414,55,31989256,0.0000442,0.00000172,0.31
"Peru",2020-04-03,15,1595,61,31989256,0.00004986,0.00000191,0.312
"Peru",2020-04-04,16,1746,73,31989256,0.00005458,0.00000228,0.305
"Peru",2020-04-05,17,2281,83,31989256,0.00007131,0.00000259,0.351
"Philippines",2020-02-01,0,0,0,106651922,0,0,NA
"Philippines",2020-02-02,1,2,1,106651922,0.00000002,0.00000001,0
"Philippines",2020-02-03,2,2,1,106651922,0.00000002,0.00000001,0
"Philippines",2020-02-04,3,2,1,106651922,0.00000002,0.00000001,0
"Philippines",2020-02-05,4,2,1,106651922,0.00000002,0.00000001,0
"Philippines",2020-02-06,5,2,1,106651922,0.00000002,0.00000001,0
"Philippines",2020-02-07,6,3,1,106651922,0.00000003,0.00000001,0
"Philippines",2020-02-08,7,3,1,106651922,0.00000003,0.00000001,0
"Philippines",2020-02-09,8,3,1,106651922,0.00000003,0.00000001,0
"Philippines",2020-02-10,9,3,1,106651922,0.00000003,0.00000001,0
"Philippines",2020-02-11,10,3,1,106651922,0.00000003,0.00000001,0
"Philippines",2020-02-12,11,3,1,106651922,0.00000003,0.00000001,0
"Philippines",2020-02-13,12,3,1,106651922,0.00000003,0.00000001,0
"Philippines",2020-02-14,13,3,1,106651922,0.00000003,0.00000001,0
"Philippines",2020-02-15,14,3,1,106651922,0.00000003,0.00000001,0
"Philippines",2020-02-16,15,3,1,106651922,0.00000003,0.00000001,0
"Philippines",2020-02-17,16,3,1,106651922,0.00000003,0.00000001,0
"Philippines",2020-02-18,17,3,1,106651922,0.00000003,0.00000001,0
"Philippines",2020-02-19,18,3,1,106651922,0.00000003,0.00000001,0
"Philippines",2020-02-20,19,3,1,106651922,0.00000003,0.00000001,0
"Philippines",2020-02-21,20,3,1,106651922,0.00000003,0.00000001,0
"Philippines",2020-02-22,21,3,1,106651922,0.00000003,0.00000001,0
"Philippines",2020-02-23,22,3,1,106651922,0.00000003,0.00000001,0
"Philippines",2020-02-24,23,3,1,106651922,0.00000003,0.00000001,0
"Philippines",2020-02-25,24,3,1,106651922,0.00000003,0.00000001,0
"Philippines",2020-02-26,25,3,1,106651922,0.00000003,0.00000001,0
"Philippines",2020-02-27,26,3,1,106651922,0.00000003,0.00000001,0
"Philippines",2020-02-28,27,3,1,106651922,0.00000003,0.00000001,0
"Philippines",2020-02-29,28,3,1,106651922,0.00000003,0.00000001,0
"Philippines",2020-03-01,29,3,1,106651922,0.00000003,0.00000001,0
"Philippines",2020-03-02,30,3,1,106651922,0.00000003,0.00000001,0
"Philippines",2020-03-03,31,3,1,106651922,0.00000003,0.00000001,0
"Philippines",2020-03-04,32,3,1,106651922,0.00000003,0.00000001,0
"Philippines",2020-03-05,33,3,1,106651922,0.00000003,0.00000001,0
"Philippines",2020-03-06,34,5,1,106651922,0.00000005,0.00000001,0.005
"Philippines",2020-03-07,35,6,1,106651922,0.00000006,0.00000001,0.024
"Philippines",2020-03-08,36,10,1,106651922,0.00000009,0.00000001,0.063
"Philippines",2020-03-09,37,20,1,106651922,0.00000019,0.00000001,0.128
"Philippines",2020-03-10,38,33,1,106651922,0.00000031,0.00000001,0.168
"Philippines",2020-03-11,39,49,1,106651922,0.00000046,0.00000001,0.197
"Philippines",2020-03-12,40,52,2,106651922,0.00000049,0.00000002,0.197
"Philippines",2020-03-13,41,64,5,106651922,0.0000006,0.00000005,0.209
"Philippines",2020-03-14,42,111,8,106651922,0.00000104,0.00000008,0.248
"Philippines",2020-03-15,43,140,11,106651922,0.00000131,0.0000001,0.26
"Philippines",2020-03-16,44,142,12,106651922,0.00000133,0.00000011,0.255
"Philippines",2020-03-17,45,187,12,106651922,0.00000175,0.00000011,0.27
"Philippines",2020-03-18,46,202,19,106651922,0.00000189,0.00000018,0.269
"Philippines",2020-03-19,47,217,17,106651922,0.00000203,0.00000016,0.269
"Philippines",2020-03-20,48,230,18,106651922,0.00000216,0.00000017,0.267
"Philippines",2020-03-21,49,307,19,106651922,0.00000288,0.00000018,0.281
"Philippines",2020-03-22,50,380,25,106651922,0.00000356,0.00000023,0.29
"Philippines",2020-03-23,51,462,33,106651922,0.00000433,0.00000031,0.297
"Philippines",2020-03-24,52,552,35,106651922,0.00000518,0.00000033,0.302
"Philippines",2020-03-25,53,636,38,106651922,0.00000596,0.00000036,0.305
"Philippines",2020-03-26,54,707,45,106651922,0.00000663,0.00000042,0.306
"Philippines",2020-03-27,55,803,54,106651922,0.00000753,0.00000051,0.308
"Philippines",2020-03-28,56,1075,68,106651922,0.00001008,0.00000064,0.32
"Philippines",2020-03-29,57,1418,71,106651922,0.0000133,0.00000067,0.331
"Philippines",2020-03-30,58,1546,78,106651922,0.0000145,0.00000073,0.33
"Philippines",2020-03-31,59,2084,88,106651922,0.00001954,0.00000083,0.341
"Philippines",2020-04-01,60,2311,96,106651922,0.00002167,0.0000009,0.341
"Philippines",2020-04-02,61,2633,107,106651922,0.00002469,0.000001,0.342
"Philippines",2020-04-03,62,3018,136,106651922,0.0000283,0.00000128,0.344
"Philippines",2020-04-04,63,3094,144,106651922,0.00002901,0.00000135,0.339
"Philippines",2020-04-05,64,3246,152,106651922,0.00003044,0.00000143,0.336
"Poland",2020-03-11,0,0,0,37978548,0,0,NA
"Poland",2020-03-12,1,49,1,37978548,0.00000129,0.00000003,0
"Poland",2020-03-13,2,68,2,37978548,0.00000179,0.00000005,0
"Poland",2020-03-14,3,103,3,37978548,0.00000271,0.00000008,11
"Poland",2020-03-15,4,119,3,37978548,0.00000313,0.00000008,3.35
"Poland",2020-03-16,5,177,4,37978548,0.00000466,0.00000011,2.775
"Poland",2020-03-17,6,238,5,37978548,0.00000627,0.00000013,2.225
"Poland",2020-03-18,7,251,5,37978548,0.00000661,0.00000013,1.438
"Poland",2020-03-19,8,355,5,37978548,0.00000935,0.00000013,1.459
"Poland",2020-03-20,9,425,5,37978548,0.00001119,0.00000013,1.265
"Poland",2020-03-21,10,536,5,37978548,0.00001411,0.00000013,1.189
"Poland",2020-03-22,11,634,7,37978548,0.00001669,0.00000018,1.08
"Poland",2020-03-23,12,749,8,37978548,0.00001972,0.00000021,1
"Poland",2020-03-24,13,901,10,37978548,0.00002372,0.00000026,0.95
"Poland",2020-03-25,14,1051,14,37978548,0.00002767,0.00000037,0.894
"Poland",2020-03-26,15,1221,16,37978548,0.00003215,0.00000042,0.848
"Poland",2020-03-27,16,1389,16,37978548,0.00003657,0.00000042,0.801
"Poland",2020-03-28,17,1638,18,37978548,0.00004313,0.00000047,0.776
"Poland",2020-03-29,18,1862,22,37978548,0.00004903,0.00000058,0.743
"Poland",2020-03-30,19,2055,31,37978548,0.00005411,0.00000082,0.704
"Poland",2020-03-31,20,2311,33,37978548,0.00006085,0.00000087,0.678
"Poland",2020-04-01,21,2554,43,37978548,0.00006725,0.00000113,0.65
"Poland",2020-04-02,22,2946,57,37978548,0.00007757,0.0000015,0.636
"Poland",2020-04-03,23,3383,71,37978548,0.00008908,0.00000187,0.624
"Poland",2020-04-04,24,3627,79,37978548,0.0000955,0.00000208,0.597
"Poland",2020-04-05,25,4102,94,37978548,0.00010801,0.00000248,0.585
"Portugal",2020-03-16,0,0,0,10281762,0,0,NA
"Portugal",2020-03-17,1,448,1,10281762,0.00004357,0.0000001,0
"Portugal",2020-03-18,2,448,2,10281762,0.00004357,0.00000019,0
"Portugal",2020-03-19,3,785,3,10281762,0.00007635,0.00000029,7
"Portugal",2020-03-20,4,1020,6,10281762,0.0000992,0.00000058,2.875
"Portugal",2020-03-21,5,1280,12,10281762,0.00012449,0.00000117,1.788
"Portugal",2020-03-22,6,1600,14,10281762,0.00015562,0.00000136,1.378
"Portugal",2020-03-23,7,2060,23,10281762,0.00020035,0.00000224,1.237
"Portugal",2020-03-24,8,2362,33,10281762,0.00022973,0.00000321,1.001
"Portugal",2020-03-25,9,2995,43,10281762,0.00029129,0.00000418,0.965
"Portugal",2020-03-26,10,3544,60,10281762,0.00034469,0.00000584,0.881
"Portugal",2020-03-27,11,4268,76,10281762,0.0004151,0.00000739,0.835
"Portugal",2020-03-28,12,5170,100,10281762,0.00050283,0.00000973,0.806
"Portugal",2020-03-29,13,5962,119,10281762,0.00057986,0.00001157,0.756
"Portugal",2020-03-30,14,6408,140,10281762,0.00062324,0.00001362,0.682
"Portugal",2020-03-31,15,7443,160,10281762,0.0007239,0.00001556,0.658
"Portugal",2020-04-01,16,8251,187,10281762,0.00080249,0.00001819,0.621
"Portugal",2020-04-02,17,9034,209,10281762,0.00087864,0.00002033,0.586
"Portugal",2020-04-03,18,9886,246,10281762,0.00096151,0.00002393,0.556
"Portugal",2020-04-04,19,10524,266,10281762,0.00102356,0.00002587,0.524
"Portugal",2020-04-05,20,11278,295,10281762,0.00109689,0.00002869,0.498
"Qatar",2020-03-27,0,0,0,2781677,0,0,NA
"Qatar",2020-03-28,1,590,1,2781677,0.0002121,0.00000036,0
"Qatar",2020-03-29,2,634,1,2781677,0.00022792,0.00000036,0
"Qatar",2020-03-30,3,693,1,2781677,0.00024913,0.00000036,0.441
"Qatar",2020-03-31,4,781,2,2781677,0.00028077,0.00000072,0
"Qatar",2020-04-01,5,835,2,2781677,0.00030018,0.00000072,0
"Qatar",2020-04-02,6,949,3,2781677,0.00034116,0.00000108,0
"Qatar",2020-04-03,7,1075,3,2781677,0.00038646,0.00000108,0
"Qatar",2020-04-04,8,1325,3,2781677,0.00047633,0.00000108,0.103
"Qatar",2020-04-05,9,1604,4,2781677,0.00057663,0.00000144,0.179
"Romania",2020-03-21,0,0,0,19473936,0,0,NA
"Romania",2020-03-22,1,433,3,19473936,0.00002223,0.00000015,0
"Romania",2020-03-23,2,576,7,19473936,0.00002958,0.00000036,0
"Romania",2020-03-24,3,794,11,19473936,0.00004077,0.00000056,8
"Romania",2020-03-25,4,906,17,19473936,0.00004652,0.00000087,2.3
"Romania",2020-03-26,5,1029,23,19473936,0.00005284,0.00000118,1.136
"Romania",2020-03-27,6,1292,26,19473936,0.00006635,0.00000134,0.965
"Romania",2020-03-28,7,1452,37,19473936,0.00007456,0.0000019,0.721
"Romania",2020-03-29,8,1815,43,19473936,0.0000932,0.00000221,0.715
"Romania",2020-03-30,9,2109,65,19473936,0.0001083,0.00000334,0.647
"Romania",2020-03-31,10,2245,82,19473936,0.00011528,0.00000421,0.538
"Romania",2020-04-01,11,2460,92,19473936,0.00012632,0.00000472,0.482
"Romania",2020-04-02,12,2738,115,19473936,0.0001406,0.00000591,0.451
"Romania",2020-04-03,13,3183,133,19473936,0.00016345,0.00000683,0.449
"Romania",2020-04-04,14,3613,146,19473936,0.00018553,0.0000075,0.438
"Romania",2020-04-05,15,3864,151,19473936,0.00019842,0.00000775,0.407
"Russia",2020-03-18,0,0,0,144478050,0,0,NA
"Russia",2020-03-19,1,199,1,144478050,0.00000138,0.00000001,0
"Russia",2020-03-20,2,253,1,144478050,0.00000175,0.00000001,0
"Russia",2020-03-21,3,306,1,144478050,0.00000212,0.00000001,4.525
"Russia",2020-03-22,4,367,1,144478050,0.00000254,0.00000001,1.481
"Russia",2020-03-23,5,438,1,144478050,0.00000303,0.00000001,0.884
"Russia",2020-03-24,6,495,1,144478050,0.00000343,0.00000001,0.595
"Russia",2020-03-25,7,658,3,144478050,0.00000455,0.00000002,0.696
"Russia",2020-03-26,8,840,3,144478050,0.00000581,0.00000002,0.72
"Russia",2020-03-27,9,1036,4,144478050,0.00000717,0.00000003,0.708
"Russia",2020-03-28,10,1264,4,144478050,0.00000875,0.00000003,0.693
"Russia",2020-03-29,11,1534,8,144478050,0.00001062,0.00000006,0.68
"Russia",2020-03-30,12,1836,9,144478050,0.00001271,0.00000006,0.664
"Russia",2020-03-31,13,2337,17,144478050,0.00001618,0.00000012,0.685
"Russia",2020-04-01,14,2777,24,144478050,0.00001922,0.00000017,0.669
"Russia",2020-04-02,15,3548,30,144478050,0.00002456,0.00000021,0.689
"Russia",2020-04-03,16,4149,34,144478050,0.00002872,0.00000024,0.67
"Russia",2020-04-04,17,4731,43,144478050,0.00003275,0.0000003,0.644
"Russia",2020-04-05,18,5389,45,144478050,0.0000373,0.00000031,0.623
"Saudi Arabia",2020-03-23,0,0,0,33699947,0,0,NA
"Saudi Arabia",2020-03-24,1,767,1,33699947,0.00002276,0.00000003,0
"Saudi Arabia",2020-03-25,2,900,2,33699947,0.00002671,0.00000006,0
"Saudi Arabia",2020-03-26,3,1012,3,33699947,0.00003003,0.00000009,2.075
"Saudi Arabia",2020-03-27,4,1104,3,33699947,0.00003276,0.00000009,0.195
"Saudi Arabia",2020-03-28,5,1203,4,33699947,0.0000357,0.00000012,0
"Saudi Arabia",2020-03-29,6,1299,8,33699947,0.00003855,0.00000024,0
"Saudi Arabia",2020-03-30,7,1453,8,33699947,0.00004312,0.00000024,0.017
"Saudi Arabia",2020-03-31,8,1563,10,33699947,0.00004638,0.0000003,0.027
"Saudi Arabia",2020-04-01,9,1720,16,33699947,0.00005104,0.00000047,0.054
"Saudi Arabia",2020-04-02,10,1885,21,33699947,0.00005593,0.00000062,0.074
"Saudi Arabia",2020-04-03,11,2039,25,33699947,0.0000605,0.00000074,0.085
"Saudi Arabia",2020-04-04,12,2179,29,33699947,0.00006466,0.00000086,0.09
"Saudi Arabia",2020-04-05,13,2402,34,33699947,0.00007128,0.00000101,0.106
"Serbia",2020-03-19,0,0,0,6982084,0,0,NA
"Serbia",2020-03-20,1,135,1,6982084,0.00001934,0.00000014,0
"Serbia",2020-03-21,2,171,1,6982084,0.00002449,0.00000014,0
"Serbia",2020-03-22,3,222,2,6982084,0.0000318,0.00000029,5.5
"Serbia",2020-03-23,4,249,3,6982084,0.00003566,0.00000043,1.491
"Serbia",2020-03-24,5,303,3,6982084,0.0000434,0.00000043,0.952
"Serbia",2020-03-25,6,384,4,6982084,0.000055,0.00000057,0.862
"Serbia",2020-03-26,7,384,1,6982084,0.000055,0.00000014,0.49
"Serbia",2020-03-27,8,457,1,6982084,0.00006545,0.00000014,0.48
"Serbia",2020-03-28,9,659,10,6982084,0.00009438,0.00000143,0.649
"Serbia",2020-03-29,10,741,13,6982084,0.00010613,0.00000186,0.58
"Serbia",2020-03-30,11,785,16,6982084,0.00011243,0.00000229,0.496
"Serbia",2020-03-31,12,900,16,6982084,0.0001289,0.00000229,0.479
"Serbia",2020-04-01,13,1060,28,6982084,0.00015182,0.00000401,0.48
"Serbia",2020-04-02,14,1171,31,6982084,0.00016771,0.00000444,0.454
"Serbia",2020-04-03,15,1476,39,6982084,0.0002114,0.00000559,0.484
"Serbia",2020-04-04,16,1624,44,6982084,0.0002326,0.0000063,0.462
"Serbia",2020-04-05,17,1908,51,6982084,0.00027327,0.0000073,0.465
"South Africa",2020-03-26,0,0,0,57779622,0,0,NA
"South Africa",2020-03-27,1,1170,1,57779622,0.00002025,0.00000002,0
"South Africa",2020-03-28,2,1187,1,57779622,0.00002054,0.00000002,0
"South Africa",2020-03-29,3,1280,2,57779622,0.00002215,0.00000003,0
"South Africa",2020-03-30,4,1326,3,57779622,0.00002295,0.00000005,0
"South Africa",2020-03-31,5,1353,5,57779622,0.00002342,0.00000009,0
"South Africa",2020-04-01,6,1380,5,57779622,0.00002388,0.00000009,0
"South Africa",2020-04-02,7,1462,5,57779622,0.0000253,0.00000009,0
"South Africa",2020-04-03,8,1505,9,57779622,0.00002605,0.00000016,0
"South Africa",2020-04-04,9,1585,9,57779622,0.00002743,0.00000016,0
"South Africa",2020-04-05,10,1655,11,57779622,0.00002864,0.00000019,0
"Spain",2020-03-02,0,0,0,46723749,0,0,NA
"Spain",2020-03-03,1,165,1,46723749,0.00000353,0.00000002,0
"Spain",2020-03-04,2,222,2,46723749,0.00000475,0.00000004,0
"Spain",2020-03-05,3,259,3,46723749,0.00000554,0.00000006,4.9
"Spain",2020-03-06,4,400,5,46723749,0.00000856,0.00000011,3.35
"Spain",2020-03-07,5,500,10,46723749,0.0000107,0.00000021,2.025
"Spain",2020-03-08,6,673,17,46723749,0.0000144,0.00000036,1.719
"Spain",2020-03-09,7,1073,28,46723749,0.00002296,0.0000006,1.928
"Spain",2020-03-10,8,1695,35,46723749,0.00003628,0.00000075,2.05
"Spain",2020-03-11,9,2277,54,46723749,0.00004873,0.00000116,1.896
"Spain",2020-03-12,10,2277,55,46723749,0.00004873,0.00000118,1.437
"Spain",2020-03-13,11,5232,133,46723749,0.00011198,0.00000285,1.978
"Spain",2020-03-14,12,6391,195,46723749,0.00013678,0.00000417,1.788
"Spain",2020-03-15,13,7798,289,46723749,0.0001669,0.00000619,1.643
"Spain",2020-03-16,14,9942,342,46723749,0.00021278,0.00000732,1.562
"Spain",2020-03-17,15,11748,533,46723749,0.00025144,0.00001141,1.447
"Spain",2020-03-18,16,13910,623,46723749,0.00029771,0.00001333,1.355
"Spain",2020-03-19,17,17963,830,46723749,0.00038445,0.00001776,1.324
"Spain",2020-03-20,18,20410,1043,46723749,0.00043682,0.00002232,1.237
"Spain",2020-03-21,19,25374,1375,46723749,0.00054306,0.00002943,1.202
"Spain",2020-03-22,20,28768,1772,46723749,0.0006157,0.00003793,1.135
"Spain",2020-03-23,21,35136,2311,46723749,0.00075199,0.00004946,1.106
"Spain",2020-03-24,22,39885,2808,46723749,0.00085363,0.0000601,1.054
"Spain",2020-03-25,23,49515,3647,46723749,0.00105974,0.00007805,1.038
"Spain",2020-03-26,24,57786,4365,46723749,0.00123676,0.00009342,1.005
"Spain",2020-03-27,25,65719,5138,46723749,0.00140654,0.00010997,0.968
"Spain",2020-03-28,26,73235,5982,46723749,0.0015674,0.00012803,0.93
"Spain",2020-03-29,27,80110,6803,46723749,0.00171455,0.0001456,0.892
"Spain",2020-03-30,28,87956,7716,46723749,0.00188247,0.00016514,0.858
"Spain",2020-03-31,29,95923,8464,46723749,0.00205298,0.00018115,0.826
"Spain",2020-04-01,30,104118,9387,46723749,0.00222837,0.0002009,0.797
"Spain",2020-04-02,31,112065,10348,46723749,0.00239846,0.00022147,0.768
"Spain",2020-04-03,32,119199,11198,46723749,0.00255114,0.00023966,0.741
"Spain",2020-04-04,33,126168,11947,46723749,0.0027003,0.00025569,0.714
"Spain",2020-04-05,34,131646,12641,46723749,0.00281754,0.00027055,0.688
"Sweden",2020-03-10,0,0,0,10183175,0,0,NA
"Sweden",2020-03-11,1,500,1,10183175,0.0000491,0.0000001,0
"Sweden",2020-03-12,2,599,1,10183175,0.00005882,0.0000001,0
"Sweden",2020-03-13,3,814,1,10183175,0.00007994,0.0000001,5.5
"Sweden",2020-03-14,4,961,2,10183175,0.00009437,0.0000002,1.742
"Sweden",2020-03-15,5,1022,3,10183175,0.00010036,0.00000029,0.672
"Sweden",2020-03-16,6,1103,6,10183175,0.00010832,0.00000059,0.38
"Sweden",2020-03-17,7,1190,7,10183175,0.00011686,0.00000069,0.267
"Sweden",2020-03-18,8,1279,10,10183175,0.0001256,0.00000098,0.213
"Sweden",2020-03-19,9,1439,11,10183175,0.00014131,0.00000108,0.218
"Sweden",2020-03-20,10,1639,16,10183175,0.00016095,0.00000157,0.233
"Sweden",2020-03-21,11,1763,20,10183175,0.00017313,0.00000196,0.217
"Sweden",2020-03-22,12,1934,21,10183175,0.00018992,0.00000206,0.215
"Sweden",2020-03-23,13,2046,25,10183175,0.00020092,0.00000246,0.202
"Sweden",2020-03-24,14,2286,36,10183175,0.00022449,0.00000354,0.211
"Sweden",2020-03-25,15,2526,62,10183175,0.00024806,0.00000609,0.215
"Sweden",2020-03-26,16,2840,77,10183175,0.00027889,0.00000756,0.224
"Sweden",2020-03-27,17,3069,105,10183175,0.00030138,0.00001031,0.222
"Sweden",2020-03-28,18,3447,105,10183175,0.0003385,0.00001031,0.23
"Sweden",2020-03-29,19,3700,110,10183175,0.00036334,0.0000108,0.227
"Sweden",2020-03-30,20,4028,146,10183175,0.00039555,0.00001434,0.228
"Sweden",2020-03-31,21,4435,180,10183175,0.00043552,0.00001768,0.231
"Sweden",2020-04-01,22,4947,239,10183175,0.0004858,0.00002347,0.236
"Sweden",2020-04-02,23,5568,308,10183175,0.00054678,0.00003025,0.243
"Sweden",2020-04-03,24,6131,358,10183175,0.00060207,0.00003516,0.245
"Sweden",2020-04-04,25,6443,373,10183175,0.00063271,0.00003663,0.24
"Sweden",2020-04-05,26,6830,401,10183175,0.00067071,0.00003938,0.237
"Switzerland",2020-03-04,0,0,0,8516543,0,0,NA
"Switzerland",2020-03-05,1,114,1,8516543,0.00001339,0.00000012,0
"Switzerland",2020-03-06,2,214,1,8516543,0.00002513,0.00000012,0
"Switzerland",2020-03-07,3,268,1,8516543,0.00003147,0.00000012,13.5
"Switzerland",2020-03-08,4,337,2,8516543,0.00003957,0.00000023,5
"Switzerland",2020-03-09,5,374,2,8516543,0.00004391,0.00000023,2.35
"Switzerland",2020-03-10,6,491,3,8516543,0.00005765,0.00000035,1.867
"Switzerland",2020-03-11,7,652,4,8516543,0.00007656,0.00000047,1.655
"Switzerland",2020-03-12,8,652,4,8516543,0.00007656,0.00000047,1.11
"Switzerland",2020-03-13,9,1139,11,8516543,0.00013374,0.00000129,1.443
"Switzerland",2020-03-14,10,1359,13,8516543,0.00015957,0.00000153,1.278
"Switzerland",2020-03-15,11,2200,14,8516543,0.00025832,0.00000164,1.445
"Switzerland",2020-03-16,12,2200,14,8516543,0.00025832,0.00000164,1.175
"Switzerland",2020-03-17,13,2700,27,8516543,0.00031703,0.00000317,1.116
"Switzerland",2020-03-18,14,3028,28,8516543,0.00035554,0.00000329,1.017
"Switzerland",2020-03-19,15,4075,41,8516543,0.00047848,0.00000481,1.035
"Switzerland",2020-03-20,16,5294,54,8516543,0.00062161,0.00000634,1.033
"Switzerland",2020-03-21,17,6575,75,8516543,0.00077203,0.00000881,1.011
"Switzerland",2020-03-22,18,7474,98,8516543,0.00087759,0.00001151,0.955
"Switzerland",2020-03-23,19,8795,120,8516543,0.0010327,0.00001409,0.921
"Switzerland",2020-03-24,20,9877,122,8516543,0.00115974,0.00001433,0.876
"Switzerland",2020-03-25,21,10897,153,8516543,0.00127951,0.00001797,0.831
"Switzerland",2020-03-26,22,11811,191,8516543,0.00138683,0.00002243,0.787
"Switzerland",2020-03-27,23,12928,231,8516543,0.00151799,0.00002712,0.752
"Switzerland",2020-03-28,24,14076,264,8516543,0.00165278,0.000031,0.719
"Switzerland",2020-03-29,25,14829,300,8516543,0.0017412,0.00003523,0.683
"Switzerland",2020-03-30,26,15922,359,8516543,0.00186954,0.00004215,0.655
"Switzerland",2020-03-31,27,16605,433,8516543,0.00194973,0.00005084,0.625
"Switzerland",2020-04-01,28,17768,488,8516543,0.00208629,0.0000573,0.602
"Switzerland",2020-04-02,29,18827,536,8516543,0.00221064,0.00006294,0.58
"Switzerland",2020-04-03,30,19606,591,8516543,0.00230211,0.00006939,0.557
"Switzerland",2020-04-04,31,20505,666,8516543,0.00240767,0.0000782,0.537
"Switzerland",2020-04-05,32,21100,715,8516543,0.00247753,0.00008395,0.517
"Thailand",2020-02-29,0,0,0,69428524,0,0,NA
"Thailand",2020-03-01,1,42,1,69428524,0.0000006,0.00000001,0
"Thailand",2020-03-02,2,43,1,69428524,0.00000062,0.00000001,0
"Thailand",2020-03-03,3,43,1,69428524,0.00000062,0.00000001,0
"Thailand",2020-03-04,4,43,1,69428524,0.00000062,0.00000001,0
"Thailand",2020-03-05,5,47,1,69428524,0.00000068,0.00000001,0
"Thailand",2020-03-06,6,48,1,69428524,0.00000069,0.00000001,0
"Thailand",2020-03-07,7,50,1,69428524,0.00000072,0.00000001,0
"Thailand",2020-03-08,8,50,1,69428524,0.00000072,0.00000001,0
"Thailand",2020-03-09,9,50,1,69428524,0.00000072,0.00000001,0
"Thailand",2020-03-10,10,53,1,69428524,0.00000076,0.00000001,0
"Thailand",2020-03-11,11,59,1,69428524,0.00000085,0.00000001,0
"Thailand",2020-03-12,12,70,1,69428524,0.00000101,0.00000001,0
"Thailand",2020-03-13,13,75,1,69428524,0.00000108,0.00000001,0
"Thailand",2020-03-14,14,82,1,69428524,0.00000118,0.00000001,0
"Thailand",2020-03-15,15,114,1,69428524,0.00000164,0.00000001,0.042
"Thailand",2020-03-16,16,147,1,69428524,0.00000212,0.00000001,0.098
"Thailand",2020-03-17,17,177,1,69428524,0.00000255,0.00000001,0.131
"Thailand",2020-03-18,18,212,1,69428524,0.00000305,0.00000001,0.159
"Thailand",2020-03-19,19,272,1,69428524,0.00000392,0.00000001,0.2
"Thailand",2020-03-20,20,322,1,69428524,0.00000464,0.00000001,0.219
"Thailand",2020-03-21,21,411,1,69428524,0.00000592,0.00000001,0.252
"Thailand",2020-03-22,22,599,1,69428524,0.00000863,0.00000001,0.308
"Thailand",2020-03-23,23,721,1,69428524,0.00001038,0.00000001,0.323
"Thailand",2020-03-24,24,827,4,69428524,0.00001191,0.00000006,0.329
"Thailand",2020-03-25,25,934,4,69428524,0.00001345,0.00000006,0.331
"Thailand",2020-03-26,26,1045,4,69428524,0.00001505,0.00000006,0.331
"Thailand",2020-03-27,27,1136,5,69428524,0.00001636,0.00000007,0.327
"Thailand",2020-03-28,28,1245,6,69428524,0.00001793,0.00000009,0.325
"Thailand",2020-03-29,29,1388,7,69428524,0.00001999,0.0000001,0.325
"Thailand",2020-03-30,30,1524,9,69428524,0.00002195,0.00000013,0.324
"Thailand",2020-03-31,31,1651,10,69428524,0.00002378,0.00000014,0.321
"Thailand",2020-04-01,32,1771,12,69428524,0.00002551,0.00000017,0.316
"Thailand",2020-04-02,33,1875,15,69428524,0.00002701,0.00000022,0.311
"Thailand",2020-04-03,34,1978,19,69428524,0.00002849,0.00000027,0.306
"Thailand",2020-04-04,35,2067,20,69428524,0.00002977,0.00000029,0.3
"Thailand",2020-04-05,36,2169,23,69428524,0.00003124,0.00000033,0.295
"Turkey",2020-03-16,0,0,0,82319724,0,0,NA
"Turkey",2020-03-17,1,47,1,82319724,0.00000057,0.00000001,0
"Turkey",2020-03-18,2,98,1,82319724,0.00000119,0.00000001,0
"Turkey",2020-03-19,3,192,3,82319724,0.00000233,0.00000004,20
"Turkey",2020-03-20,4,359,4,82319724,0.00000436,0.00000005,20
"Turkey",2020-03-21,5,670,9,82319724,0.00000814,0.00000011,14
"Turkey",2020-03-22,6,1236,30,82319724,0.00001501,0.00000036,11
"Turkey",2020-03-23,7,1529,37,82319724,0.00001857,0.00000045,7.5
"Turkey",2020-03-24,8,1872,44,82319724,0.00002274,0.00000053,5.5
"Turkey",2020-03-25,9,2433,59,82319724,0.00002956,0.00000072,4.525
"Turkey",2020-03-26,10,3629,75,82319724,0.00004408,0.00000091,4.125
"Turkey",2020-03-27,11,5698,92,82319724,0.00006922,0.00000112,3.95
"Turkey",2020-03-28,12,7402,108,82319724,0.00008992,0.00000131,3.5
"Turkey",2020-03-29,13,9217,131,82319724,0.00011197,0.00000159,3.125
"Turkey",2020-03-30,14,10827,168,82319724,0.00013152,0.00000204,2.75
"Turkey",2020-03-31,15,13531,214,82319724,0.00016437,0.0000026,2.525
"Turkey",2020-04-01,16,15679,277,82319724,0.00019046,0.00000336,2.3
"Turkey",2020-04-02,17,18135,356,82319724,0.0002203,0.00000432,2.1
"Turkey",2020-04-03,18,20921,425,82319724,0.00025414,0.00000516,1.935
"Turkey",2020-04-04,19,23934,501,82319724,0.00029074,0.00000609,1.794
"Turkey",2020-04-05,20,27069,574,82319724,0.00032883,0.00000697,1.67
"United Arab Emirates",2020-03-19,0,0,0,9630959,0,0,NA
"United Arab Emirates",2020-03-20,1,140,2,9630959,0.00001454,0.00000021,0
"United Arab Emirates",2020-03-21,2,153,2,9630959,0.00001589,0.00000021,0
"United Arab Emirates",2020-03-22,3,153,2,9630959,0.00001589,0.00000021,0
"United Arab Emirates",2020-03-23,4,198,2,9630959,0.00002056,0.00000021,0.114
"United Arab Emirates",2020-03-24,5,248,2,9630959,0.00002575,0.00000021,0.283
"United Arab Emirates",2020-03-25,6,333,2,9630959,0.00003458,0.00000021,0.513
"United Arab Emirates",2020-03-26,7,333,2,9630959,0.00003458,0.00000021,0.266
"United Arab Emirates",2020-03-27,8,405,2,9630959,0.00004205,0.00000021,0.324
"United Arab Emirates",2020-03-28,9,468,2,9630959,0.00004859,0.00000021,0.328
"United Arab Emirates",2020-03-29,10,570,3,9630959,0.00005918,0.00000031,0.369
"United Arab Emirates",2020-03-30,11,611,5,9630959,0.00006344,0.00000052,0.329
"United Arab Emirates",2020-03-31,12,664,6,9630959,0.00006894,0.00000062,0.307
"United Arab Emirates",2020-04-01,13,814,8,9630959,0.00008452,0.00000083,0.343
"United Arab Emirates",2020-04-02,14,1024,8,9630959,0.00010632,0.00000083,0.384
"United Arab Emirates",2020-04-03,15,1264,9,9630959,0.00013124,0.00000093,0.412
"United Arab Emirates",2020-04-04,16,1505,10,9630959,0.00015627,0.00000104,0.423
"United Arab Emirates",2020-04-05,17,1799,10,9630959,0.00018679,0.00000104,0.435
"United Kingdom",2020-03-04,0,0,0,66488991,0,0,NA
"United Kingdom",2020-03-05,1,116,1,66488991,0.00000174,0.00000002,0
"United Kingdom",2020-03-06,2,164,2,66488991,0.00000247,0.00000003,0
"United Kingdom",2020-03-07,3,207,2,66488991,0.00000311,0.00000003,7.5
"United Kingdom",2020-03-08,4,274,3,66488991,0.00000412,0.00000005,3.175
"United Kingdom",2020-03-09,5,322,4,66488991,0.00000484,0.00000006,1.686
"United Kingdom",2020-03-10,6,384,6,66488991,0.00000578,0.00000009,1.205
"United Kingdom",2020-03-11,7,459,8,66488991,0.0000069,0.00000012,0.982
"United Kingdom",2020-03-12,8,459,8,66488991,0.0000069,0.00000012,0.651
"United Kingdom",2020-03-13,9,802,8,66488991,0.00001206,0.00000012,1.005
"United Kingdom",2020-03-14,10,1144,21,66488991,0.00001721,0.00000032,1.089
"United Kingdom",2020-03-15,11,1145,21,66488991,0.00001722,0.00000032,0.864
"United Kingdom",2020-03-16,12,1551,56,66488991,0.00002333,0.00000084,0.907
"United Kingdom",2020-03-17,13,1960,56,66488991,0.00002948,0.00000084,0.899
"United Kingdom",2020-03-18,14,2642,72,66488991,0.00003974,0.00000108,0.929
"United Kingdom",2020-03-19,15,2716,138,66488991,0.00004085,0.00000208,0.818
"United Kingdom",2020-03-20,16,4014,178,66488991,0.00006037,0.00000268,0.892
"United Kingdom",2020-03-21,17,5067,234,66488991,0.00007621,0.00000352,0.889
"United Kingdom",2020-03-22,18,5745,282,66488991,0.00008641,0.00000424,0.843
"United Kingdom",2020-03-23,19,6726,336,66488991,0.00010116,0.00000505,0.817
"United Kingdom",2020-03-24,20,8164,423,66488991,0.00012279,0.00000636,0.806
"United Kingdom",2020-03-25,21,9640,466,66488991,0.00014499,0.00000701,0.788
"United Kingdom",2020-03-26,22,11812,580,66488991,0.00017765,0.00000872,0.783
"United Kingdom",2020-03-27,23,14745,761,66488991,0.00022177,0.00001145,0.783
"United Kingdom",2020-03-28,24,17312,1021,66488991,0.00026037,0.00001536,0.768
"United Kingdom",2020-03-29,25,19780,1231,66488991,0.00029749,0.00001851,0.748
"United Kingdom",2020-03-30,26,22453,1411,66488991,0.0003377,0.00002122,0.728
"United Kingdom",2020-03-31,27,25481,1793,66488991,0.00038324,0.00002697,0.711
"United Kingdom",2020-04-01,28,29865,2357,66488991,0.00044917,0.00003545,0.701
"United Kingdom",2020-04-02,29,34173,2926,66488991,0.00051396,0.00004401,0.688
"United Kingdom",2020-04-03,30,38689,3611,66488991,0.00058189,0.00005431,0.674
"United Kingdom",2020-04-04,31,42477,4320,66488991,0.00063886,0.00006497,0.656
"United Kingdom",2020-04-05,32,48436,4943,66488991,0.00072848,0.00007434,0.646
"US",2020-02-28,0,0,0,327167434,0,0,NA
"US",2020-02-29,1,68,1,327167434,0.00000021,0,0
"US",2020-03-01,2,74,1,327167434,0.00000023,0,0
"US",2020-03-02,3,98,6,327167434,0.0000003,0.00000002,3.3
"US",2020-03-03,4,118,7,327167434,0.00000036,0.00000002,1.076
"US",2020-03-04,5,149,11,327167434,0.00000046,0.00000003,0.877
"US",2020-03-05,6,217,12,327167434,0.00000066,0.00000004,1.078
"US",2020-03-06,7,262,14,327167434,0.0000008,0.00000004,0.917
"US",2020-03-07,8,402,17,327167434,0.00000123,0.00000005,1.144
"US",2020-03-08,9,518,21,327167434,0.00000158,0.00000006,1.097
"US",2020-03-09,10,583,22,327167434,0.00000178,0.00000007,0.943
"US",2020-03-10,11,959,28,327167434,0.00000293,0.00000009,1.145
"US",2020-03-11,12,1281,36,327167434,0.00000392,0.00000011,1.149
"US",2020-03-12,13,1663,40,327167434,0.00000508,0.00000012,1.131
"US",2020-03-13,14,2179,47,327167434,0.00000666,0.00000014,1.124
"US",2020-03-14,15,2727,54,327167434,0.00000834,0.00000017,1.093
"US",2020-03-15,16,3499,63,327167434,0.00001069,0.00000019,1.079
"US",2020-03-16,17,4632,85,327167434,0.00001416,0.00000026,1.083
"US",2020-03-17,18,6421,108,327167434,0.00001963,0.00000033,1.107
"US",2020-03-18,19,7783,118,327167434,0.00002379,0.00000036,1.072
"US",2020-03-19,20,13677,200,327167434,0.0000418,0.00000061,1.189
"US",2020-03-20,21,19100,244,327167434,0.00005838,0.00000075,1.206
"US",2020-03-21,22,25489,307,327167434,0.00007791,0.00000094,1.205
"US",2020-03-22,23,33276,417,327167434,0.00010171,0.00000127,1.197
"US",2020-03-23,24,43847,557,327167434,0.00013402,0.0000017,1.192
"US",2020-03-24,25,53740,706,327167434,0.00016426,0.00000216,1.166
"US",2020-03-25,26,65778,942,327167434,0.00020105,0.00000288,1.141
"US",2020-03-26,27,83836,1209,327167434,0.00025625,0.0000037,1.131
"US",2020-03-27,28,101657,1581,327167434,0.00031072,0.00000483,1.108
"US",2020-03-28,29,121478,2026,327167434,0.0003713,0.00000619,1.083
"US",2020-03-29,30,140886,2467,327167434,0.00043062,0.00000754,1.054
"US",2020-03-30,31,161807,2978,327167434,0.00049457,0.0000091,1.025
"US",2020-03-31,32,188172,3873,327167434,0.00057516,0.00001184,1.001
"US",2020-04-01,33,213372,4757,327167434,0.00065218,0.00001454,0.974
"US",2020-04-02,34,243453,5926,327167434,0.00074412,0.00001811,0.95
"US",2020-04-03,35,275586,7087,327167434,0.00084234,0.00002166,0.927
"US",2020-04-04,36,308850,8407,327167434,0.00094401,0.0000257,0.904
"US",2020-04-05,37,337072,9619,327167434,0.00103027,0.0000294,0.878
