"State","Date","Day","Cases","Death","Population","Cases_Percent","Death_Percent","Beta"
"Alabama",2020-03-24,0,0,0,4903185,0,0,NA
"Alabama",2020-03-25,1,381,1,4903185,0.0000777,0.0000002,0
"Alabama",2020-03-26,2,517,1,4903185,0.00010544,0.0000002,0
"Alabama",2020-03-27,3,587,4,4903185,0.00011972,0.00000082,4.575
"Alabama",2020-03-28,4,694,4,4903185,0.00014154,0.00000082,1.42
"Alabama",2020-03-29,5,825,10,4903185,0.00016826,0.00000204,0.842
"Alabama",2020-03-30,6,899,10,4903185,0.00018335,0.00000204,0.499
"Alabama",2020-03-31,7,987,23,4903185,0.0002013,0.00000469,0.37
"Alabama",2020-04-01,8,1060,27,4903185,0.00021619,0.00000551,0.288
"Alabama",2020-04-02,9,1233,32,4903185,0.00025147,0.00000653,0.304
"Alabama",2020-04-03,10,1495,38,4903185,0.0003049,0.00000775,0.345
"Alabama",2020-04-04,11,1614,44,4903185,0.00032917,0.00000897,0.313
"Alabama",2020-04-05,12,1765,45,4903185,0.00035997,0.00000918,0.297
"Alaska",2020-03-24,0,0,0,731545,0,0,NA
"Alaska",2020-03-25,1,41,1,731545,0.00005605,0.00000137,0
"Alaska",2020-03-26,2,56,1,731545,0.00007655,0.00000137,0
"Alaska",2020-03-27,3,58,1,731545,0.00007928,0.00000137,3.15
"Alaska",2020-03-28,4,85,2,731545,0.00011619,0.00000273,2.225
"Alaska",2020-03-29,5,102,2,731545,0.00013943,0.00000273,1.288
"Alaska",2020-03-30,6,114,3,731545,0.00015583,0.0000041,0.815
"Alaska",2020-03-31,7,119,3,731545,0.00016267,0.0000041,0.517
"Alaska",2020-04-01,8,132,3,731545,0.00018044,0.0000041,0.429
"Alaska",2020-04-02,9,143,3,731545,0.00019548,0.0000041,0.361
"Alaska",2020-04-03,10,157,3,731545,0.00021461,0.0000041,0.329
"Alaska",2020-04-04,11,171,5,731545,0.00023375,0.00000683,0.304
"Alaska",2020-04-05,12,185,6,731545,0.00025289,0.0000082,0.284
"Arizona",2020-03-20,0,0,0,7278717,0,0,NA
"Arizona",2020-03-21,1,104,1,7278717,0.00001429,0.00000014,0
"Arizona",2020-03-22,2,152,2,7278717,0.00002088,0.00000027,0
"Arizona",2020-03-23,3,235,2,7278717,0.00003229,0.00000027,12.5
"Arizona",2020-03-24,4,326,5,7278717,0.00004479,0.00000069,5.5
"Arizona",2020-03-25,5,401,6,7278717,0.00005509,0.00000082,3.075
"Arizona",2020-03-26,6,508,8,7278717,0.00006979,0.0000011,2.225
"Arizona",2020-03-27,7,665,13,7278717,0.00009136,0.00000179,1.89
"Arizona",2020-03-28,8,773,15,7278717,0.0001062,0.00000206,1.499
"Arizona",2020-03-29,9,919,17,7278717,0.00012626,0.00000234,1.288
"Arizona",2020-03-30,10,1157,20,7278717,0.00015896,0.00000275,1.206
"Arizona",2020-03-31,11,1289,24,7278717,0.00017709,0.0000033,1.044
"Arizona",2020-04-01,12,1530,29,7278717,0.0002102,0.00000398,0.972
"Arizona",2020-04-02,13,1715,32,7278717,0.00023562,0.0000044,0.882
"Arizona",2020-04-03,14,1937,41,7278717,0.00026612,0.00000563,0.817
"Arizona",2020-04-04,15,2187,52,7278717,0.00030047,0.00000714,0.766
"Arizona",2020-04-05,16,2486,64,7278717,0.00034154,0.00000879,0.727
"Arkansas",2020-03-23,0,0,0,3017804,0,0,NA
"Arkansas",2020-03-24,1,219,2,3017804,0.00007257,0.00000066,0
"Arkansas",2020-03-25,2,280,2,3017804,0.00009278,0.00000066,0
"Arkansas",2020-03-26,3,335,2,3017804,0.00011101,0.00000066,4.45
"Arkansas",2020-03-27,4,381,3,3017804,0.00012625,0.00000099,1.157
"Arkansas",2020-03-28,5,409,5,3017804,0.00013553,0.00000166,0.422
"Arkansas",2020-03-29,6,426,6,3017804,0.00014116,0.00000199,0.172
"Arkansas",2020-03-30,7,473,7,3017804,0.00015674,0.00000232,0.156
"Arkansas",2020-03-31,8,523,8,3017804,0.0001733,0.00000265,0.154
"Arkansas",2020-04-01,9,584,10,3017804,0.00019352,0.00000331,0.166
"Arkansas",2020-04-02,10,643,12,3017804,0.00021307,0.00000398,0.169
"Arkansas",2020-04-03,11,704,12,3017804,0.00023328,0.00000398,0.172
"Arkansas",2020-04-04,12,743,14,3017804,0.00024621,0.00000464,0.16
"Arkansas",2020-04-05,13,837,16,3017804,0.00027735,0.0000053,0.176
"California",2020-03-03,0,0,0,39512223,0,0,NA
"California",2020-03-04,1,35,1,39512223,0.00000089,0.00000003,0
"California",2020-03-05,2,51,1,39512223,0.00000129,0.00000003,0
"California",2020-03-06,3,59,1,39512223,0.00000149,0.00000003,6
"California",2020-03-07,4,81,1,39512223,0.00000205,0.00000003,2.975
"California",2020-03-08,5,95,1,39512223,0.0000024,0.00000003,1.572
"California",2020-03-09,6,101,1,39512223,0.00000256,0.00000003,0.886
"California",2020-03-10,7,144,2,39512223,0.00000364,0.00000005,1.033
"California",2020-03-11,8,178,4,39512223,0.0000045,0.0000001,0.946
"California",2020-03-12,9,221,4,39512223,0.00000559,0.0000001,0.899
"California",2020-03-13,10,281,4,39512223,0.00000711,0.0000001,0.889
"California",2020-03-14,11,372,3,39512223,0.00000941,0.00000008,0.915
"California",2020-03-15,12,373,5,39512223,0.00000944,0.00000013,0.751
"California",2020-03-16,13,557,7,39512223,0.0000141,0.00000018,0.858
"California",2020-03-17,14,700,12,39512223,0.00001772,0.0000003,0.853
"California",2020-03-18,15,828,16,39512223,0.00002096,0.0000004,0.82
"California",2020-03-19,16,1005,18,39512223,0.00002544,0.00000046,0.804
"California",2020-03-20,17,1243,24,39512223,0.00003146,0.00000061,0.799
"California",2020-03-21,18,1405,25,39512223,0.00003556,0.00000063,0.761
"California",2020-03-22,19,1646,30,39512223,0.00004166,0.00000076,0.741
"California",2020-03-23,20,2108,39,39512223,0.00005335,0.00000099,0.753
"California",2020-03-24,21,2538,50,39512223,0.00006423,0.00000127,0.744
"California",2020-03-25,22,2998,65,39512223,0.00007588,0.00000165,0.731
"California",2020-03-26,23,3899,81,39512223,0.00009868,0.00000205,0.746
"California",2020-03-27,24,4657,94,39512223,0.00011786,0.00000238,0.737
"California",2020-03-28,25,5095,110,39512223,0.00012895,0.00000278,0.708
"California",2020-03-29,26,5852,124,39512223,0.00014811,0.00000314,0.694
"California",2020-03-30,27,7138,146,39512223,0.00018065,0.0000037,0.693
"California",2020-03-31,28,8210,173,39512223,0.00020778,0.00000438,0.681
"California",2020-04-01,29,9399,199,39512223,0.00023788,0.00000504,0.669
"California",2020-04-02,30,10773,238,39512223,0.00027265,0.00000602,0.658
"California",2020-04-03,31,12004,265,39512223,0.0003038,0.00000671,0.643
"California",2020-04-04,32,12837,289,39512223,0.00032489,0.00000731,0.623
"California",2020-04-05,33,15034,348,39512223,0.00038049,0.00000881,0.619
"Colorado",2020-03-12,0,0,0,5758736,0,0,NA
"Colorado",2020-03-13,1,76,1,5758736,0.0000132,0.00000017,0
"Colorado",2020-03-15,3,99,1,5758736,0.00001719,0.00000017,0
"Colorado",2020-03-16,4,132,1,5758736,0.00002292,0.00000017,7
"Colorado",2020-03-17,5,167,2,5758736,0.000029,0.00000035,2.625
"Colorado",2020-03-18,6,218,2,5758736,0.00003786,0.00000035,1.803
"Colorado",2020-03-19,7,277,4,5758736,0.0000481,0.00000069,1.428
"Colorado",2020-03-20,8,363,4,5758736,0.00006303,0.00000069,1.305
"Colorado",2020-03-21,9,475,6,5758736,0.00008248,0.00000104,1.236
"Colorado",2020-03-22,10,591,6,5758736,0.00010263,0.00000104,1.135
"Colorado",2020-03-23,11,704,7,5758736,0.00012225,0.00000122,1.025
"Colorado",2020-03-24,12,723,8,5758736,0.00012555,0.00000139,0.834
"Colorado",2020-03-25,13,1021,16,5758736,0.0001773,0.00000278,0.908
"Colorado",2020-03-26,14,1430,19,5758736,0.00024832,0.0000033,0.965
"Colorado",2020-03-27,15,1433,27,5758736,0.00024884,0.00000469,0.824
"Colorado",2020-03-28,16,1740,31,5758736,0.00030215,0.00000538,0.806
"Colorado",2020-03-29,17,2307,47,5758736,0.00040061,0.00000816,0.831
"Colorado",2020-03-30,18,2311,47,5758736,0.0004013,0.00000816,0.739
"Colorado",2020-03-31,19,2966,69,5758736,0.00051504,0.00001198,0.752
"Colorado",2020-04-01,20,2982,69,5758736,0.00051782,0.00001198,0.682
"Colorado",2020-04-02,21,3342,80,5758736,0.00058034,0.00001389,0.656
"Colorado",2020-04-03,22,3742,97,5758736,0.0006498,0.00001684,0.634
"Colorado",2020-04-04,23,4188,111,5758736,0.00072724,0.00001928,0.614
"Colorado",2020-04-05,24,4950,140,5758736,0.00085956,0.00002431,0.61
"Connecticut",2020-03-17,0,0,0,3565287,0,0,NA
"Connecticut",2020-03-18,1,96,1,3565287,0.00002693,0.00000028,0
"Connecticut",2020-03-19,2,159,3,3565287,0.0000446,0.00000084,0
"Connecticut",2020-03-20,3,194,4,3565287,0.00005441,0.00000112,10
"Connecticut",2020-03-21,4,194,4,3565287,0.00005441,0.00000112,2.05
"Connecticut",2020-03-22,5,327,8,3565287,0.00009172,0.00000224,2.5
"Connecticut",2020-03-23,6,415,10,3565287,0.0001164,0.0000028,1.878
"Connecticut",2020-03-24,7,618,12,3565287,0.00017334,0.00000337,1.905
"Connecticut",2020-03-25,8,875,19,3565287,0.00024542,0.00000533,1.838
"Connecticut",2020-03-26,9,1012,21,3565287,0.00028385,0.00000589,1.514
"Connecticut",2020-03-27,10,1291,27,3565287,0.0003621,0.00000757,1.408
"Connecticut",2020-03-28,11,1524,33,3565287,0.00042746,0.00000926,1.26
"Connecticut",2020-03-29,12,1993,34,3565287,0.000559,0.00000954,1.233
"Connecticut",2020-03-30,13,2571,36,3565287,0.00072112,0.0000101,1.203
"Connecticut",2020-03-31,14,3128,69,3565287,0.00087735,0.00001935,1.141
"Connecticut",2020-04-01,15,3557,85,3565287,0.00099768,0.00002384,1.055
"Connecticut",2020-04-02,16,3824,112,3565287,0.00107256,0.00003141,0.958
"Connecticut",2020-04-03,17,4914,131,3565287,0.00137829,0.00003674,0.957
"Connecticut",2020-04-04,18,5276,165,3565287,0.00147982,0.00004628,0.884
"Connecticut",2020-04-05,19,5675,189,3565287,0.00159174,0.00005301,0.823
"Delaware",2020-03-25,0,0,0,973764,0,0,NA
"Delaware",2020-03-26,1,130,1,973764,0.0001335,0.00000103,0
"Delaware",2020-03-27,2,163,2,973764,0.00016739,0.00000205,0
"Delaware",2020-03-28,3,214,5,973764,0.00021977,0.00000513,6
"Delaware",2020-03-29,4,232,6,973764,0.00023825,0.00000616,1.301
"Delaware",2020-03-30,5,264,6,973764,0.00027111,0.00000616,0.653
"Delaware",2020-03-31,6,319,10,973764,0.00032759,0.00001027,0.571
"Delaware",2020-04-01,7,368,11,973764,0.00037791,0.0000113,0.484
"Delaware",2020-04-02,8,393,12,973764,0.00040359,0.00001232,0.367
"Delaware",2020-04-03,9,450,14,973764,0.00046212,0.00001438,0.355
"Delaware",2020-04-04,10,593,14,973764,0.00060898,0.00001438,0.446
"Delaware",2020-04-05,11,673,14,973764,0.00069113,0.00001438,0.426
"District of Columbia",2020-03-19,0,0,0,705749,0,0,NA
"District of Columbia",2020-03-20,1,77,1,705749,0.0001091,0.00000142,0
"District of Columbia",2020-03-22,3,102,2,705749,0.00014453,0.00000283,0
"District of Columbia",2020-03-23,4,120,2,705749,0.00017003,0.00000283,4.775
"District of Columbia",2020-03-24,5,141,2,705749,0.00019979,0.00000283,1.451
"District of Columbia",2020-03-25,6,187,2,705749,0.00026497,0.00000283,1.207
"District of Columbia",2020-03-26,7,231,3,705749,0.00032731,0.00000425,0.976
"District of Columbia",2020-03-27,8,271,3,705749,0.00038399,0.00000425,0.794
"District of Columbia",2020-03-28,9,304,4,705749,0.00043075,0.00000567,0.647
"District of Columbia",2020-03-29,10,342,5,705749,0.00048459,0.00000708,0.563
"District of Columbia",2020-03-30,11,401,9,705749,0.00056819,0.00001275,0.541
"District of Columbia",2020-03-31,12,495,9,705749,0.00070138,0.00001275,0.56
"District of Columbia",2020-04-01,13,586,9,705749,0.00083032,0.00001275,0.552
"District of Columbia",2020-04-02,14,653,12,705749,0.00092526,0.000017,0.517
"District of Columbia",2020-04-03,15,757,15,705749,0.00107262,0.00002125,0.508
"District of Columbia",2020-04-04,16,902,21,705749,0.00127807,0.00002976,0.512
"District of Columbia",2020-04-05,17,1002,22,705749,0.00141977,0.00003117,0.49
"Florida",2020-03-07,0,0,0,21477737,0,0,NA
"Florida",2020-03-08,1,10,2,21477737,0.00000047,0.00000009,0
"Florida",2020-03-09,2,13,2,21477737,0.00000061,0.00000009,0
"Florida",2020-03-10,3,15,2,21477737,0.0000007,0.00000009,4
"Florida",2020-03-11,4,24,2,21477737,0.00000112,0.00000009,3.225
"Florida",2020-03-12,5,30,2,21477737,0.0000014,0.00000009,1.95
"Florida",2020-03-13,6,50,2,21477737,0.00000233,0.00000009,2.275
"Florida",2020-03-14,7,76,2,21477737,0.00000354,0.00000009,2.275
"Florida",2020-03-15,8,100,3,21477737,0.00000466,0.00000014,1.989
"Florida",2020-03-16,9,101,3,21477737,0.0000047,0.00000014,1.445
"Florida",2020-03-17,10,190,5,21477737,0.00000885,0.00000023,1.806
"Florida",2020-03-18,11,306,7,21477737,0.00001425,0.00000033,1.925
"Florida",2020-03-19,12,331,9,21477737,0.00001541,0.00000042,1.628
"Florida",2020-03-20,13,440,11,21477737,0.00002049,0.00000051,1.575
"Florida",2020-03-21,14,763,13,21477737,0.00003553,0.00000061,1.735
"Florida",2020-03-22,15,1004,13,21477737,0.00004675,0.00000061,1.674
"Florida",2020-03-23,16,1227,18,21477737,0.00005713,0.00000084,1.576
"Florida",2020-03-24,17,1412,18,21477737,0.00006574,0.00000084,1.46
"Florida",2020-03-25,18,1682,23,21477737,0.00007831,0.00000107,1.382
"Florida",2020-03-26,19,2357,29,21477737,0.00010974,0.00000135,1.392
"Florida",2020-03-27,20,2900,35,21477737,0.00013502,0.00000163,1.344
"Florida",2020-03-28,21,3763,54,21477737,0.0001752,0.00000251,1.323
"Florida",2020-03-29,22,4246,56,21477737,0.00019769,0.00000261,1.252
"Florida",2020-03-30,23,5473,63,21477737,0.00025482,0.00000293,1.236
"Florida",2020-03-31,24,6741,85,21477737,0.00031386,0.00000396,1.207
"Florida",2020-04-01,25,6956,87,21477737,0.00032387,0.00000405,1.127
"Florida",2020-04-02,26,9008,164,21477737,0.00041941,0.00000764,1.121
"Florida",2020-04-03,27,10268,170,21477737,0.00047808,0.00000792,1.081
"Florida",2020-04-04,28,11545,195,21477737,0.00053753,0.00000908,1.041
"Florida",2020-04-05,29,12350,221,21477737,0.00057501,0.00001029,0.994
"Georgia",2020-03-11,0,0,0,10617423,0,0,NA
"Georgia",2020-03-12,1,31,1,10617423,0.00000292,0.00000009,0
"Georgia",2020-03-13,2,42,1,10617423,0.00000396,0.00000009,0
"Georgia",2020-03-14,3,73,1,10617423,0.00000688,0.00000009,14
"Georgia",2020-03-15,4,99,1,10617423,0.00000932,0.00000009,6
"Georgia",2020-03-16,5,121,1,10617423,0.0000114,0.00000009,3.15
"Georgia",2020-03-17,6,146,1,10617423,0.00001375,0.00000009,2.125
"Georgia",2020-03-18,7,197,3,10617423,0.00001855,0.00000028,1.876
"Georgia",2020-03-19,8,287,10,10617423,0.00002703,0.00000094,1.866
"Georgia",2020-03-20,9,485,14,10617423,0.00004568,0.00000132,2.1
"Georgia",2020-03-21,10,555,20,10617423,0.00005227,0.00000188,1.743
"Georgia",2020-03-22,11,621,25,10617423,0.00005849,0.00000235,1.482
"Georgia",2020-03-23,12,772,25,10617423,0.00007271,0.00000235,1.383
"Georgia",2020-03-24,13,1026,32,10617423,0.00009663,0.00000301,1.358
"Georgia",2020-03-25,14,1247,40,10617423,0.00011745,0.00000377,1.277
"Georgia",2020-03-26,15,1525,48,10617423,0.00014363,0.00000452,1.216
"Georgia",2020-03-27,16,2000,64,10617423,0.00018837,0.00000603,1.204
"Georgia",2020-03-28,17,2366,69,10617423,0.00022284,0.0000065,1.143
"Georgia",2020-03-29,18,2651,80,10617423,0.00024968,0.00000753,1.068
"Georgia",2020-03-30,19,2808,87,10617423,0.00026447,0.00000819,0.983
"Georgia",2020-03-31,20,3929,111,10617423,0.00037005,0.00001045,1.012
"Georgia",2020-04-01,21,4638,139,10617423,0.00043683,0.00001309,0.979
"Georgia",2020-04-02,22,5348,163,10617423,0.0005037,0.00001535,0.943
"Georgia",2020-04-03,23,5831,184,10617423,0.00054919,0.00001733,0.894
"Georgia",2020-04-04,24,6160,201,10617423,0.00058018,0.00001893,0.843
"Georgia",2020-04-05,25,6647,211,10617423,0.00062605,0.00001987,0.804
"Hawaii",2020-03-23,0,0,0,1415872,0,0,NA
"Hawaii",2020-03-24,1,90,1,1415872,0.00006357,0.00000071,0
"Hawaii",2020-04-01,9,224,1,1415872,0.00015821,0.00000071,0
"Hawaii",2020-04-02,10,256,1,1415872,0.00018081,0.00000071,19.5
"Hawaii",2020-04-03,11,319,3,1415872,0.0002253,0.00000212,7
"Hawaii",2020-04-04,12,351,3,1415872,0.0002479,0.00000212,3.15
"Hawaii",2020-04-05,13,371,4,1415872,0.00026203,0.00000283,1.748
"Idaho",2020-03-25,0,0,0,1787065,0,0,NA
"Idaho",2020-03-26,1,146,3,1787065,0.0000817,0.00000168,0
"Idaho",2020-03-27,2,205,3,1787065,0.00011471,0.00000168,0
"Idaho",2020-03-28,3,234,4,1787065,0.00013094,0.00000224,5.5
"Idaho",2020-03-29,4,281,5,1787065,0.00015724,0.0000028,1.75
"Idaho",2020-03-30,5,340,6,1787065,0.00019026,0.00000336,1.069
"Idaho",2020-03-31,6,515,8,1787065,0.00028818,0.00000448,1.348
"Idaho",2020-04-01,7,566,9,1787065,0.00031672,0.00000504,0.945
"Idaho",2020-04-02,8,776,9,1787065,0.00043423,0.00000504,1.012
"Idaho",2020-04-03,9,891,9,1787065,0.00049858,0.00000504,0.869
"Idaho",2020-04-04,10,1022,10,1787065,0.00057189,0.0000056,0.775
"Idaho",2020-04-05,11,1078,10,1787065,0.00060322,0.0000056,0.652
"Illinois",2020-03-16,0,0,0,12671821,0,0,NA
"Illinois",2020-03-17,1,161,1,12671821,0.00001271,0.00000008,0
"Illinois",2020-03-18,2,272,1,12671821,0.00002146,0.00000008,0
"Illinois",2020-03-19,3,422,4,12671821,0.0000333,0.00000032,16.5
"Illinois",2020-03-20,4,585,5,12671821,0.00004617,0.00000039,7
"Illinois",2020-03-21,5,753,6,12671821,0.00005942,0.00000047,4.1
"Illinois",2020-03-22,6,1049,9,12671821,0.00008278,0.00000071,3.2
"Illinois",2020-03-23,7,1285,12,12671821,0.00010141,0.00000095,2.4
"Illinois",2020-03-24,8,1537,16,12671821,0.00012129,0.00000126,1.92
"Illinois",2020-03-25,9,1865,19,12671821,0.00014718,0.0000015,1.642
"Illinois",2020-03-26,10,2538,26,12671821,0.00020029,0.00000205,1.589
"Illinois",2020-03-27,11,3024,34,12671821,0.00023864,0.00000268,1.419
"Illinois",2020-03-28,12,3491,47,12671821,0.00027549,0.00000371,1.268
"Illinois",2020-03-29,13,4596,66,12671821,0.00036269,0.00000521,1.248
"Illinois",2020-03-30,14,5056,73,12671821,0.000399,0.00000576,1.118
"Illinois",2020-03-31,15,5994,99,12671821,0.00047302,0.00000781,1.057
"Illinois",2020-04-01,16,6980,141,12671821,0.00055083,0.00001113,0.999
"Illinois",2020-04-02,17,7695,163,12671821,0.00060725,0.00001286,0.926
"Illinois",2020-04-03,18,8904,210,12671821,0.00070266,0.00001657,0.886
"Illinois",2020-04-04,19,10357,244,12671821,0.00081733,0.00001926,0.853
"Illinois",2020-04-05,20,11259,274,12671821,0.00088851,0.00002162,0.803
"Indiana",2020-03-15,0,0,0,6732219,0,0,NA
"Indiana",2020-03-16,1,25,1,6732219,0.00000371,0.00000015,0
"Indiana",2020-03-17,2,30,2,6732219,0.00000446,0.0000003,0
"Indiana",2020-03-18,3,38,2,6732219,0.00000564,0.0000003,4.325
"Indiana",2020-03-19,4,60,2,6732219,0.00000891,0.0000003,3.275
"Indiana",2020-03-20,5,86,3,6732219,0.00001277,0.00000045,2.55
"Indiana",2020-03-21,6,128,4,6732219,0.00001901,0.00000059,2.375
"Indiana",2020-03-22,7,204,6,6732219,0.0000303,0.00000089,2.45
"Indiana",2020-03-23,8,270,7,6732219,0.00004011,0.00000104,2.15
"Indiana",2020-03-24,9,368,12,6732219,0.00005466,0.00000178,1.995
"Indiana",2020-03-25,10,477,14,6732219,0.00007085,0.00000208,1.824
"Indiana",2020-03-26,11,645,17,6732219,0.00009581,0.00000253,1.746
"Indiana",2020-03-27,12,979,25,6732219,0.00014542,0.00000371,1.799
"Indiana",2020-03-28,13,1233,31,6732219,0.00018315,0.0000046,1.679
"Indiana",2020-03-29,14,1513,32,6732219,0.00022474,0.00000475,1.566
"Indiana",2020-03-30,15,1786,35,6732219,0.00026529,0.0000052,1.449
"Indiana",2020-03-31,16,2158,49,6732219,0.00032055,0.00000728,1.369
"Indiana",2020-04-01,17,2564,65,6732219,0.00038086,0.00000966,1.293
"Indiana",2020-04-02,18,3038,78,6732219,0.00045126,0.00001159,1.228
"Indiana",2020-04-03,19,3437,102,6732219,0.00051053,0.00001515,1.154
"Indiana",2020-04-04,20,3953,116,6732219,0.00058718,0.00001723,1.097
"Indiana",2020-04-05,21,4411,127,6732219,0.00065521,0.00001886,1.037
"Iowa",2020-03-24,0,0,0,3155070,0,0,NA
"Iowa",2020-03-25,1,146,1,3155070,0.00004627,0.00000032,0
"Iowa",2020-03-26,2,179,1,3155070,0.00005673,0.00000032,0
"Iowa",2020-03-27,3,235,3,3155070,0.00007448,0.00000095,5.5
"Iowa",2020-03-28,4,298,3,3155070,0.00009445,0.00000095,2.125
"Iowa",2020-03-29,5,336,4,3155070,0.0001065,0.00000127,1.032
"Iowa",2020-03-30,6,424,6,3155070,0.00013439,0.0000019,0.906
"Iowa",2020-03-31,7,497,7,3155070,0.00015752,0.00000222,0.743
"Iowa",2020-04-01,8,547,9,3155070,0.00017337,0.00000285,0.588
"Iowa",2020-04-02,9,614,11,3155070,0.00019461,0.00000349,0.515
"Iowa",2020-04-03,10,699,11,3155070,0.00022155,0.00000349,0.48
"Iowa",2020-04-04,11,787,14,3155070,0.00024944,0.00000444,0.45
"Iowa",2020-04-05,12,869,18,3155070,0.00027543,0.00000571,0.42
"Kansas",2020-03-12,0,0,0,2913314,0,0,NA
"Kansas",2020-03-13,1,6,1,2913314,0.00000206,0.00000034,0
"Kansas",2020-03-14,2,8,1,2913314,0.00000275,0.00000034,0
"Kansas",2020-03-15,3,8,1,2913314,0.00000275,0.00000034,2.25
"Kansas",2020-03-16,4,11,1,2913314,0.00000378,0.00000034,1.463
"Kansas",2020-03-17,5,18,1,2913314,0.00000618,0.00000034,1.978
"Kansas",2020-03-18,6,22,1,2913314,0.00000755,0.00000034,1.442
"Kansas",2020-03-19,7,35,1,2913314,0.00001201,0.00000034,1.695
"Kansas",2020-03-20,8,48,1,2913314,0.00001648,0.00000034,1.617
"Kansas",2020-03-21,9,57,2,2913314,0.00001957,0.00000069,1.379
"Kansas",2020-03-22,10,65,2,2913314,0.00002231,0.00000069,1.179
"Kansas",2020-03-23,11,84,2,2913314,0.00002883,0.00000069,1.148
"Kansas",2020-03-24,12,100,2,2913314,0.00003433,0.00000069,1.063
"Kansas",2020-03-25,13,134,3,2913314,0.000046,0.00000103,1.077
"Kansas",2020-03-26,14,172,3,2913314,0.00005904,0.00000103,1.062
"Kansas",2020-03-27,15,206,4,2913314,0.00007071,0.00000137,1.013
"Kansas",2020-03-28,16,266,4,2913314,0.0000913,0.00000137,1.01
"Kansas",2020-03-29,17,330,7,2913314,0.00011327,0.0000024,0.989
"Kansas",2020-03-30,18,372,8,2913314,0.00012769,0.00000275,0.932
"Kansas",2020-03-31,19,434,9,2913314,0.00014897,0.00000309,0.896
"Kansas",2020-04-01,20,485,10,2913314,0.00016648,0.00000343,0.851
"Kansas",2020-04-02,21,553,12,2913314,0.00018982,0.00000412,0.819
"Kansas",2020-04-03,22,629,18,2913314,0.00021591,0.00000618,0.79
"Kansas",2020-04-04,23,698,21,2913314,0.00023959,0.00000721,0.758
"Kansas",2020-04-05,24,751,22,2913314,0.00025778,0.00000755,0.723
"Kentucky",2020-03-15,0,0,0,4467673,0,0,NA
"Kentucky",2020-03-16,1,21,1,4467673,0.0000047,0.00000022,0
"Kentucky",2020-03-17,2,26,1,4467673,0.00000582,0.00000022,0
"Kentucky",2020-03-18,3,28,1,4467673,0.00000627,0.00000022,2.25
"Kentucky",2020-03-19,4,50,2,4467673,0.00001119,0.00000045,3.2
"Kentucky",2020-03-20,5,64,2,4467673,0.00001433,0.00000045,2.05
"Kentucky",2020-03-21,6,87,3,4467673,0.00001947,0.00000067,1.761
"Kentucky",2020-03-22,7,103,3,4467673,0.00002305,0.00000067,1.355
"Kentucky",2020-03-23,8,123,4,4467673,0.00002753,0.0000009,1.144
"Kentucky",2020-03-24,9,162,4,4467673,0.00003626,0.0000009,1.126
"Kentucky",2020-03-25,10,197,5,4467673,0.00004409,0.00000112,1.038
"Kentucky",2020-03-26,11,247,5,4467673,0.00005529,0.00000112,1.001
"Kentucky",2020-03-27,12,301,7,4467673,0.00006737,0.00000157,0.954
"Kentucky",2020-03-28,13,393,9,4467673,0.00008797,0.00000201,0.961
"Kentucky",2020-03-29,14,438,9,4467673,0.00009804,0.00000201,0.879
"Kentucky",2020-03-30,15,479,11,4467673,0.00010721,0.00000246,0.804
"Kentucky",2020-03-31,16,628,11,4467673,0.00014057,0.00000246,0.824
"Kentucky",2020-04-01,17,632,18,4467673,0.00014146,0.00000403,0.735
"Kentucky",2020-04-02,18,770,31,4467673,0.00017235,0.00000694,0.73
"Kentucky",2020-04-03,19,770,34,4467673,0.00017235,0.00000761,0.66
"Kentucky",2020-04-04,20,917,40,4467673,0.00020525,0.00000895,0.654
"Kentucky",2020-04-05,21,955,45,4467673,0.00021376,0.00001007,0.612
"Louisiana",2020-03-13,0,0,0,4648794,0,0,NA
"Louisiana",2020-03-14,1,77,1,4648794,0.00001656,0.00000022,0
"Louisiana",2020-03-15,2,87,2,4648794,0.00001871,0.00000043,0
"Louisiana",2020-03-16,3,115,3,4648794,0.00002474,0.00000065,4.05
"Louisiana",2020-03-17,4,196,4,4648794,0.00004216,0.00000086,3.75
"Louisiana",2020-03-18,5,257,6,4648794,0.00005528,0.00000129,2.425
"Louisiana",2020-03-19,6,392,10,4648794,0.00008432,0.00000215,2.35
"Louisiana",2020-03-20,7,537,14,4648794,0.00011551,0.00000301,2.075
"Louisiana",2020-03-21,8,763,20,4648794,0.00016413,0.0000043,1.988
"Louisiana",2020-03-22,9,837,20,4648794,0.00018005,0.0000043,1.556
"Louisiana",2020-03-23,10,1172,35,4648794,0.00025211,0.00000753,1.549
"Louisiana",2020-03-24,11,1388,46,4648794,0.00029857,0.0000099,1.38
"Louisiana",2020-03-25,12,1795,65,4648794,0.00038612,0.00001398,1.328
"Louisiana",2020-03-26,13,2304,83,4648794,0.00049561,0.00001785,1.283
"Louisiana",2020-03-27,14,2744,119,4648794,0.00059026,0.0000256,1.198
"Louisiana",2020-03-28,15,3315,137,4648794,0.00071309,0.00002947,1.139
"Louisiana",2020-03-29,16,3540,151,4648794,0.00076149,0.00003248,1.028
"Louisiana",2020-03-30,17,4025,185,4648794,0.00086582,0.0000398,0.966
"Louisiana",2020-03-31,18,5237,239,4648794,0.00112653,0.00005141,0.97
"Louisiana",2020-04-01,19,6424,273,4648794,0.00138186,0.00005872,0.951
"Louisiana",2020-04-02,20,9159,310,4648794,0.00197019,0.00006668,0.989
"Louisiana",2020-04-03,21,10297,370,4648794,0.00221498,0.00007959,0.941
"Louisiana",2020-04-04,22,12496,409,4648794,0.00268801,0.00008798,0.924
"Louisiana",2020-04-05,23,13010,477,4648794,0.00279858,0.00010261,0.864
"Maine",2020-03-26,0,0,0,1344212,0,0,NA
"Maine",2020-03-27,1,168,1,1344212,0.00012498,0.00000074,0
"Maine",2020-03-28,2,211,1,1344212,0.00015697,0.00000074,0
"Maine",2020-03-29,3,253,3,1344212,0.00018821,0.00000223,4.175
"Maine",2020-03-30,4,275,3,1344212,0.00020458,0.00000223,0.828
"Maine",2020-03-31,5,303,5,1344212,0.00022541,0.00000372,0.33
"Maine",2020-04-01,6,303,5,1344212,0.00022541,0.00000372,0.057
"Maine",2020-04-02,7,376,7,1344212,0.00027972,0.00000521,0.196
"Maine",2020-04-03,8,432,9,1344212,0.00032138,0.0000067,0.217
"Maine",2020-04-04,9,456,10,1344212,0.00033923,0.00000744,0.178
"Maine",2020-04-05,10,470,10,1344212,0.00034965,0.00000744,0.143
"Maryland",2020-03-18,0,0,0,6045680,0,0,NA
"Maryland",2020-03-19,1,107,1,6045680,0.0000177,0.00000017,0
"Maryland",2020-03-20,2,149,2,6045680,0.00002465,0.00000033,0
"Maryland",2020-03-21,3,193,2,6045680,0.00003192,0.00000033,7.5
"Maryland",2020-03-22,4,244,3,6045680,0.00004036,0.0000005,2.9
"Maryland",2020-03-23,5,290,3,6045680,0.00004797,0.0000005,1.59
"Maryland",2020-03-24,6,349,4,6045680,0.00005773,0.00000066,1.162
"Maryland",2020-03-25,7,425,4,6045680,0.0000703,0.00000066,0.985
"Maryland",2020-03-26,8,583,4,6045680,0.00009643,0.00000066,1.044
"Maryland",2020-03-27,9,775,5,6045680,0.00012819,0.00000083,1.054
"Maryland",2020-03-28,10,995,5,6045680,0.00016458,0.00000083,1.029
"Maryland",2020-03-29,11,1239,10,6045680,0.00020494,0.00000165,0.988
"Maryland",2020-03-30,12,1413,15,6045680,0.00023372,0.00000248,0.896
"Maryland",2020-03-31,13,1660,18,6045680,0.00027458,0.00000298,0.845
"Maryland",2020-04-01,14,1986,31,6045680,0.0003285,0.00000513,0.815
"Maryland",2020-04-02,15,2331,36,6045680,0.00038556,0.00000595,0.782
"Maryland",2020-04-03,16,2758,43,6045680,0.00045619,0.00000711,0.759
"Maryland",2020-04-04,17,3125,54,6045680,0.0005169,0.00000893,0.723
"Maryland",2020-04-05,18,3617,67,6045680,0.00059828,0.00001108,0.701
"Massachusetts",2020-03-19,0,0,0,6892503,0,0,NA
"Massachusetts",2020-03-20,1,413,1,6892503,0.00005992,0.00000015,0
"Massachusetts",2020-03-21,2,523,1,6892503,0.00007588,0.00000015,0
"Massachusetts",2020-03-22,3,640,5,6892503,0.00009285,0.00000073,4.675
"Massachusetts",2020-03-23,4,777,9,6892503,0.00011273,0.00000131,1.611
"Massachusetts",2020-03-24,5,1159,11,6892503,0.00016815,0.0000016,1.72
"Massachusetts",2020-03-25,6,1838,15,6892503,0.00026667,0.00000218,1.961
"Massachusetts",2020-03-26,7,2417,25,6892503,0.00035067,0.00000363,1.703
"Massachusetts",2020-03-27,8,3240,35,6892503,0.00047008,0.00000508,1.586
"Massachusetts",2020-03-28,9,4257,44,6892503,0.00061763,0.00000638,1.485
"Massachusetts",2020-03-29,10,4955,48,6892503,0.0007189,0.00000696,1.285
"Massachusetts",2020-03-30,11,5752,56,6892503,0.00083453,0.00000812,1.144
"Massachusetts",2020-03-31,12,6620,89,6892503,0.00096046,0.00001291,1.035
"Massachusetts",2020-04-01,13,7738,122,6892503,0.00112267,0.0000177,0.962
"Massachusetts",2020-04-02,14,8966,154,6892503,0.00130083,0.00002234,0.901
"Massachusetts",2020-04-03,15,10402,192,6892503,0.00150918,0.00002786,0.853
"Massachusetts",2020-04-04,16,11736,216,6892503,0.00170272,0.00003134,0.802
"Massachusetts",2020-04-05,17,12500,231,6892503,0.00181356,0.00003351,0.737
"Michigan",2020-03-17,0,0,0,9986857,0,0,NA
"Michigan",2020-03-18,1,119,1,9986857,0.00001192,0.0000001,0
"Michigan",2020-03-19,2,259,1,9986857,0.00002593,0.0000001,0
"Michigan",2020-03-20,3,402,1,9986857,0.00004025,0.0000001,20
"Michigan",2020-03-21,4,540,3,9986857,0.00005407,0.0000003,10
"Michigan",2020-03-22,5,1035,9,9986857,0.00010364,0.0000009,8.5
"Michigan",2020-03-23,6,1329,15,9986857,0.00013307,0.0000015,5.5
"Michigan",2020-03-24,7,1793,24,9986857,0.00017954,0.0000024,4.275
"Michigan",2020-03-25,8,2296,43,9986857,0.0002299,0.00000431,3.425
"Michigan",2020-03-26,9,2845,61,9986857,0.00028487,0.00000611,2.825
"Michigan",2020-03-27,10,3634,92,9986857,0.00036388,0.00000921,2.475
"Michigan",2020-03-28,11,4650,111,9986857,0.00046561,0.00001111,2.225
"Michigan",2020-03-29,12,5488,132,9986857,0.00054952,0.00001322,1.963
"Michigan",2020-03-30,13,6498,184,9986857,0.00065066,0.00001842,1.767
"Michigan",2020-03-31,14,7615,259,9986857,0.0007625,0.00002593,1.607
"Michigan",2020-04-01,15,9315,335,9986857,0.00093273,0.00003354,1.509
"Michigan",2020-04-02,16,10791,417,9986857,0.00108052,0.00004175,1.397
"Michigan",2020-04-03,17,12744,479,9986857,0.00127608,0.00004796,1.315
"Michigan",2020-04-04,18,14225,540,9986857,0.00142437,0.00005407,1.22
"Michigan",2020-04-05,19,15718,617,9986857,0.00157387,0.00006178,1.137
"Minnesota",2020-03-20,0,0,0,5639632,0,0,NA
"Minnesota",2020-03-21,1,134,1,5639632,0.00002376,0.00000018,0
"Minnesota",2020-03-22,2,167,1,5639632,0.00002961,0.00000018,0
"Minnesota",2020-03-23,3,234,1,5639632,0.00004149,0.00000018,7
"Minnesota",2020-03-24,4,261,1,5639632,0.00004628,0.00000018,1.824
"Minnesota",2020-03-25,5,286,1,5639632,0.00005071,0.00000018,0.799
"Minnesota",2020-03-26,6,344,2,5639632,0.000061,0.00000035,0.657
"Minnesota",2020-03-27,7,396,4,5639632,0.00007022,0.00000071,0.541
"Minnesota",2020-03-28,8,441,5,5639632,0.0000782,0.00000089,0.451
"Minnesota",2020-03-29,9,503,9,5639632,0.00008919,0.0000016,0.42
"Minnesota",2020-03-30,10,576,10,5639632,0.00010213,0.00000177,0.405
"Minnesota",2020-03-31,11,629,12,5639632,0.00011153,0.00000213,0.369
"Minnesota",2020-04-01,12,689,17,5639632,0.00012217,0.00000301,0.346
"Minnesota",2020-04-02,13,742,18,5639632,0.00013157,0.00000319,0.323
"Minnesota",2020-04-03,14,788,22,5639632,0.00013973,0.0000039,0.3
"Minnesota",2020-04-04,15,865,24,5639632,0.00015338,0.00000426,0.294
"Minnesota",2020-04-05,16,935,29,5639632,0.00016579,0.00000514,0.285
"Mississippi",2020-03-18,0,0,0,2976149,0,0,NA
"Mississippi",2020-03-19,1,50,1,2976149,0.0000168,0.00000034,0
"Mississippi",2020-03-20,2,80,1,2976149,0.00002688,0.00000034,0
"Mississippi",2020-03-21,3,140,1,2976149,0.00004704,0.00000034,19
"Mississippi",2020-03-22,4,207,1,2976149,0.00006955,0.00000034,9
"Mississippi",2020-03-23,5,249,1,2976149,0.00008367,0.00000034,4.475
"Mississippi",2020-03-24,6,320,1,2976149,0.00010752,0.00000034,3.125
"Mississippi",2020-03-25,7,377,3,2976149,0.00012667,0.00000101,2.275
"Mississippi",2020-03-26,8,485,6,2976149,0.00016296,0.00000202,1.949
"Mississippi",2020-03-27,9,579,8,2976149,0.00019455,0.00000269,1.642
"Mississippi",2020-03-28,10,663,13,2976149,0.00022277,0.00000437,1.393
"Mississippi",2020-03-29,11,759,14,2976149,0.00025503,0.0000047,1.22
"Mississippi",2020-03-30,12,847,16,2976149,0.0002846,0.00000538,1.075
"Mississippi",2020-03-31,13,937,20,2976149,0.00031484,0.00000672,0.962
"Mississippi",2020-04-01,14,1073,22,2976149,0.00036053,0.00000739,0.894
"Mississippi",2020-04-02,15,1177,26,2976149,0.00039548,0.00000874,0.82
"Mississippi",2020-04-03,16,1358,29,2976149,0.00045629,0.00000974,0.782
"Mississippi",2020-04-04,17,1455,35,2976149,0.00048889,0.00001176,0.722
"Mississippi",2020-04-05,18,1638,43,2976149,0.00055038,0.00001445,0.69
"Missouri",2020-03-17,0,0,0,6626371,0,0,NA
"Missouri",2020-03-18,1,18,1,6626371,0.00000272,0.00000015,0
"Missouri",2020-03-19,2,39,1,6626371,0.00000589,0.00000015,0
"Missouri",2020-03-20,3,73,3,6626371,0.00001102,0.00000045,20
"Missouri",2020-03-21,4,81,3,6626371,0.00001222,0.00000045,10
"Missouri",2020-03-22,5,87,3,6626371,0.00001313,0.00000045,4.275
"Missouri",2020-03-23,6,187,4,6626371,0.00002822,0.0000006,5
"Missouri",2020-03-24,7,257,7,6626371,0.00003878,0.00000106,4.075
"Missouri",2020-03-25,8,354,8,6626371,0.00005342,0.00000121,3.45
"Missouri",2020-03-26,9,520,9,6626371,0.00007847,0.00000136,3.2
"Missouri",2020-03-27,10,666,9,6626371,0.00010051,0.00000136,2.775
"Missouri",2020-03-28,11,836,10,6626371,0.00012616,0.00000151,2.45
"Missouri",2020-03-29,12,915,13,6626371,0.00013808,0.00000196,2.075
"Missouri",2020-03-30,13,1051,13,6626371,0.00015861,0.00000196,1.825
"Missouri",2020-03-31,14,1357,15,6626371,0.00020479,0.00000226,1.732
"Missouri",2020-04-01,15,1613,18,6626371,0.00024342,0.00000272,1.6
"Missouri",2020-04-02,16,1857,22,6626371,0.00028024,0.00000332,1.473
"Missouri",2020-04-03,17,1864,25,6626371,0.0002813,0.00000377,1.297
"Missouri",2020-04-04,18,2310,33,6626371,0.00034861,0.00000498,1.253
"Missouri",2020-04-05,19,2347,44,6626371,0.00035419,0.00000664,1.13
"Montana",2020-03-26,0,0,0,1068778,0,0,NA
"Montana",2020-03-27,1,109,1,1068778,0.00010199,0.00000094,0
"Montana",2020-03-28,2,129,1,1068778,0.0001207,0.00000094,0
"Montana",2020-03-29,3,154,1,1068778,0.00014409,0.00000094,3.125
"Montana",2020-03-30,4,171,5,1068778,0.00016,0.00000468,0.61
"Montana",2020-03-31,5,198,5,1068778,0.00018526,0.00000468,0.349
"Montana",2020-04-01,6,208,6,1068778,0.00019461,0.00000561,0.143
"Montana",2020-04-02,7,241,6,1068778,0.00022549,0.00000561,0.182
"Montana",2020-04-03,8,243,5,1068778,0.00022736,0.00000468,0.097
"Montana",2020-04-04,9,265,6,1068778,0.00024795,0.00000561,0.105
"Montana",2020-04-05,10,286,6,1068778,0.0002676,0.00000561,0.108
"Nebraska",2020-03-27,0,0,0,1934408,0,0,NA
"Nebraska",2020-03-28,1,96,2,1934408,0.00004963,0.00000103,0
"Nebraska",2020-03-29,2,108,2,1934408,0.00005583,0.00000103,0
"Nebraska",2020-03-30,3,145,2,1934408,0.00007496,0.00000103,4.225
"Nebraska",2020-03-31,4,172,3,1934408,0.00008892,0.00000155,1.324
"Nebraska",2020-04-01,5,210,4,1934408,0.00010856,0.00000207,0.873
"Nebraska",2020-04-02,6,246,5,1934408,0.00012717,0.00000258,0.653
"Nebraska",2020-04-03,7,279,6,1934408,0.00014423,0.0000031,0.519
"Nebraska",2020-04-04,8,321,6,1934408,0.00016594,0.0000031,0.467
"Nebraska",2020-04-05,9,364,8,1934408,0.00018817,0.00000414,0.428
"Nevada",2020-03-15,0,0,0,3080156,0,0,NA
"Nevada",2020-03-16,1,45,1,3080156,0.00001461,0.00000032,0
"Nevada",2020-03-17,2,55,1,3080156,0.00001786,0.00000032,0
"Nevada",2020-03-18,3,55,1,3080156,0.00001786,0.00000032,0.981
"Nevada",2020-03-19,4,95,1,3080156,0.00003084,0.00000032,2.35
"Nevada",2020-03-20,5,161,2,3080156,0.00005227,0.00000065,2.725
"Nevada",2020-03-21,6,161,2,3080156,0.00005227,0.00000065,1.382
"Nevada",2020-03-22,7,190,2,3080156,0.00006169,0.00000065,1.087
"Nevada",2020-03-23,8,245,4,3080156,0.00007954,0.0000013,1.044
"Nevada",2020-03-24,9,278,4,3080156,0.00009026,0.0000013,0.881
"Nevada",2020-03-25,10,323,6,3080156,0.00010486,0.00000195,0.796
"Nevada",2020-03-26,11,420,10,3080156,0.00013636,0.00000325,0.82
"Nevada",2020-03-27,12,536,10,3080156,0.00017402,0.00000325,0.827
"Nevada",2020-03-28,13,626,10,3080156,0.00020324,0.00000325,0.781
"Nevada",2020-03-29,14,920,15,3080156,0.00029869,0.00000487,0.868
"Nevada",2020-03-30,15,1012,15,3080156,0.00032855,0.00000487,0.798
"Nevada",2020-03-31,16,1114,26,3080156,0.00036167,0.00000844,0.742
"Nevada",2020-04-01,17,1279,31,3080156,0.00041524,0.00001006,0.713
"Nevada",2020-04-02,18,1463,38,3080156,0.00047498,0.00001234,0.687
"Nevada",2020-04-03,19,1514,43,3080156,0.00049153,0.00001396,0.633
"Nevada",2020-04-04,20,1742,46,3080156,0.00056556,0.00001493,0.619
"Nevada",2020-04-05,21,1855,46,3080156,0.00060224,0.00001493,0.585
"New Hampshire",2020-03-22,0,0,0,1359711,0,0,NA
"New Hampshire",2020-03-23,1,101,1,1359711,0.00007428,0.00000074,0
"New Hampshire",2020-03-24,2,101,1,1359711,0.00007428,0.00000074,0
"New Hampshire",2020-03-25,3,108,1,1359711,0.00007943,0.00000074,0
"New Hampshire",2020-03-26,4,137,1,1359711,0.00010076,0.00000074,0
"New Hampshire",2020-03-27,5,158,1,1359711,0.0001162,0.00000074,0
"New Hampshire",2020-03-28,6,187,2,1359711,0.00013753,0.00000147,0.097
"New Hampshire",2020-03-29,7,214,2,1359711,0.00015739,0.00000147,0.135
"New Hampshire",2020-03-30,8,314,3,1359711,0.00023093,0.00000221,0.394
"New Hampshire",2020-03-31,9,357,3,1359711,0.00026256,0.00000221,0.372
"New Hampshire",2020-04-01,10,357,3,1359711,0.00026256,0.00000221,0.279
"New Hampshire",2020-04-02,11,316,3,1359711,0.0002324,0.00000221,0.159
"New Hampshire",2020-04-03,12,479,5,1359711,0.00035228,0.00000368,0.308
"New Hampshire",2020-04-04,13,540,7,1359711,0.00039714,0.00000515,0.308
"New Hampshire",2020-04-05,14,621,9,1359711,0.00045671,0.00000662,0.317
"New Jersey",2020-03-09,0,0,0,8882190,0,0,NA
"New Jersey",2020-03-10,1,15,1,8882190,0.00000169,0.00000011,0
"New Jersey",2020-03-11,2,23,1,8882190,0.00000259,0.00000011,0
"New Jersey",2020-03-12,3,29,1,8882190,0.00000326,0.00000011,9
"New Jersey",2020-03-13,4,49,1,8882190,0.00000552,0.00000011,6
"New Jersey",2020-03-14,5,69,1,8882190,0.00000777,0.00000011,4
"New Jersey",2020-03-15,6,72,2,8882190,0.00000811,0.00000023,2.175
"New Jersey",2020-03-16,7,176,2,8882190,0.00001981,0.00000023,3.45
"New Jersey",2020-03-17,8,250,3,8882190,0.00002815,0.00000034,3.05
"New Jersey",2020-03-18,9,397,5,8882190,0.0000447,0.00000056,3.025
"New Jersey",2020-03-19,10,741,9,8882190,0.00008343,0.00000101,3.275
"New Jersey",2020-03-20,11,890,11,8882190,0.0001002,0.00000124,2.775
"New Jersey",2020-03-21,12,1327,16,8882190,0.0001494,0.0000018,2.7
"New Jersey",2020-03-22,13,1914,20,8882190,0.00021549,0.00000225,2.6
"New Jersey",2020-03-23,14,2844,27,8882190,0.00032019,0.00000304,2.55
"New Jersey",2020-03-24,15,3675,44,8882190,0.00041375,0.00000495,2.4
"New Jersey",2020-03-25,16,4402,62,8882190,0.0004956,0.00000698,2.2
"New Jersey",2020-03-26,17,6876,81,8882190,0.00077413,0.00000912,2.225
"New Jersey",2020-03-27,18,8825,108,8882190,0.00099356,0.00001216,2.1
"New Jersey",2020-03-28,19,11124,140,8882190,0.00125239,0.00001576,2
"New Jersey",2020-03-29,20,13386,161,8882190,0.00150706,0.00001813,1.897
"New Jersey",2020-03-30,21,16636,198,8882190,0.00187296,0.00002229,1.816
"New Jersey",2020-03-31,22,18696,267,8882190,0.00210489,0.00003006,1.7
"New Jersey",2020-04-01,23,22255,355,8882190,0.00250558,0.00003997,1.623
"New Jersey",2020-04-02,24,25590,537,8882190,0.00288105,0.00006046,1.543
"New Jersey",2020-04-03,25,29895,646,8882190,0.00336572,0.00007273,1.477
"New Jersey",2020-04-04,26,34124,846,8882190,0.00384185,0.00009525,1.411
"New Jersey",2020-04-05,27,37505,917,8882190,0.00422249,0.00010324,1.341
"New Mexico",2020-03-24,0,0,0,2096829,0,0,NA
"New Mexico",2020-03-25,1,113,1,2096829,0.00005389,0.00000048,0
"New Mexico",2020-03-26,2,113,1,2096829,0.00005389,0.00000048,0
"New Mexico",2020-03-27,3,136,1,2096829,0.00006486,0.00000048,0.768
"New Mexico",2020-03-28,4,208,1,2096829,0.0000992,0.00000048,1.481
"New Mexico",2020-03-29,5,237,2,2096829,0.00011303,0.00000095,0.747
"New Mexico",2020-03-30,6,237,2,2096829,0.00011303,0.00000095,0.294
"New Mexico",2020-03-31,7,315,4,2096829,0.00015023,0.00000191,0.463
"New Mexico",2020-04-01,8,340,5,2096829,0.00016215,0.00000238,0.362
"New Mexico",2020-04-02,9,388,6,2096829,0.00018504,0.00000286,0.349
"New Mexico",2020-04-03,10,534,10,2096829,0.00025467,0.00000477,0.471
"New Mexico",2020-04-04,11,534,10,2096829,0.00025467,0.00000477,0.373
"New Mexico",2020-04-05,12,670,12,2096829,0.00031953,0.00000572,0.418
"New York",2020-03-13,0,0,0,23628065,0,0,NA
"New York",2020-03-14,1,613,2,23628065,0.00002594,0.00000008,0
"New York",2020-03-15,2,615,2,23628065,0.00002603,0.00000008,0
"New York",2020-03-16,3,967,10,23628065,0.00004093,0.00000042,4.975
"New York",2020-03-17,4,1578,13,23628065,0.00006678,0.00000055,3.825
"New York",2020-03-18,5,3038,17,23628065,0.00012858,0.00000072,4.425
"New York",2020-03-19,6,5704,38,23628065,0.00024141,0.00000161,4.65
"New York",2020-03-20,7,8403,46,23628065,0.00035564,0.00000195,3.95
"New York",2020-03-21,8,11727,60,23628065,0.00049632,0.00000254,3.4
"New York",2020-03-22,9,15800,117,23628065,0.0006687,0.00000495,2.975
"New York",2020-03-23,10,20884,158,23628065,0.00088386,0.00000669,2.65
"New York",2020-03-24,11,25681,210,23628065,0.00108689,0.00000889,2.325
"New York",2020-03-25,12,30841,285,23628065,0.00130527,0.00001206,2.05
"New York",2020-03-26,13,37877,385,23628065,0.00160305,0.00001629,1.878
"New York",2020-03-27,14,44876,527,23628065,0.00189927,0.0000223,1.711
"New York",2020-03-28,15,52410,728,23628065,0.00221812,0.00003081,1.57
"New York",2020-03-29,16,59648,965,23628065,0.00252446,0.00004084,1.44
"New York",2020-03-30,17,66663,1218,23628065,0.00282135,0.00005155,1.324
"New York",2020-03-31,18,75833,1550,23628065,0.00320945,0.0000656,1.238
"New York",2020-04-01,19,83948,1941,23628065,0.00355289,0.00008215,1.153
"New York",2020-04-02,20,92506,2373,23628065,0.00391509,0.00010043,1.08
"New York",2020-04-03,21,102987,2935,23628065,0.00435867,0.00012422,1.021
"New York",2020-04-04,22,113833,3565,23628065,0.0048177,0.00015088,0.968
"New York",2020-04-05,23,123160,4159,23628065,0.00521245,0.00017602,0.915
"North Carolina",2020-03-24,0,0,0,10488084,0,0,NA
"North Carolina",2020-03-25,1,590,2,10488084,0.00005625,0.00000019,0
"North Carolina",2020-03-26,2,738,3,10488084,0.00007037,0.00000029,0
"North Carolina",2020-03-27,3,887,4,10488084,0.00008457,0.00000038,4.15
"North Carolina",2020-03-28,4,1020,5,10488084,0.00009725,0.00000048,1.123
"North Carolina",2020-03-29,5,1191,7,10488084,0.00011356,0.00000067,0.636
"North Carolina",2020-03-30,6,1313,7,10488084,0.00012519,0.00000067,0.395
"North Carolina",2020-03-31,7,1535,12,10488084,0.00014636,0.00000114,0.375
"North Carolina",2020-04-01,8,1675,14,10488084,0.00015971,0.00000133,0.307
"North Carolina",2020-04-02,9,1977,21,10488084,0.0001885,0.000002,0.33
"North Carolina",2020-04-03,10,2251,27,10488084,0.00021462,0.00000257,0.327
"North Carolina",2020-04-04,11,2486,34,10488084,0.00023703,0.00000324,0.31
"North Carolina",2020-04-05,12,2649,38,10488084,0.00025257,0.00000362,0.282
"North Dakota",2020-03-26,0,0,0,762062,0,0,NA
"North Dakota",2020-03-27,1,68,1,762062,0.00008923,0.00000131,0
"North Dakota",2020-03-28,2,94,1,762062,0.00012335,0.00000131,0
"North Dakota",2020-03-29,3,98,1,762062,0.0001286,0.00000131,3.45
"North Dakota",2020-03-30,4,109,2,762062,0.00014303,0.00000262,0.719
"North Dakota",2020-03-31,5,122,3,762062,0.00016009,0.00000394,0.317
"North Dakota",2020-04-01,6,142,3,762062,0.00018634,0.00000394,0.287
"North Dakota",2020-04-02,7,159,3,762062,0.00020864,0.00000394,0.246
"North Dakota",2020-04-03,8,173,3,762062,0.00022702,0.00000394,0.208
"North Dakota",2020-04-04,9,186,3,762062,0.00024407,0.00000394,0.183
"North Dakota",2020-04-05,10,207,3,762062,0.00027163,0.00000394,0.19
"Ohio",2020-03-19,0,0,0,11689100,0,0,NA
"Ohio",2020-03-20,1,173,3,11689100,0.0000148,0.00000026,0
"Ohio",2020-03-21,2,247,3,11689100,0.00002113,0.00000026,0
"Ohio",2020-03-22,3,356,3,11689100,0.00003046,0.00000026,10.5
"Ohio",2020-03-23,4,443,6,11689100,0.0000379,0.00000051,3.8
"Ohio",2020-03-24,5,567,8,11689100,0.00004851,0.00000068,2.35
"Ohio",2020-03-25,6,704,11,11689100,0.00006023,0.00000094,1.713
"Ohio",2020-03-26,7,868,15,11689100,0.00007426,0.00000128,1.398
"Ohio",2020-03-27,8,1137,19,11689100,0.00009727,0.00000163,1.31
"Ohio",2020-03-28,9,1406,25,11689100,0.00012028,0.00000214,1.187
"Ohio",2020-03-29,10,1653,29,11689100,0.00014141,0.00000248,1.055
"Ohio",2020-03-30,11,1933,40,11689100,0.00016537,0.00000342,0.959
"Ohio",2020-03-31,12,2199,55,11689100,0.00018812,0.00000471,0.87
"Ohio",2020-04-01,13,2547,65,11689100,0.0002179,0.00000556,0.814
"Ohio",2020-04-02,14,2901,81,11689100,0.00024818,0.00000693,0.762
"Ohio",2020-04-03,15,3312,91,11689100,0.00028334,0.00000779,0.722
"Ohio",2020-04-04,16,3739,102,11689100,0.00031987,0.00000873,0.685
"Ohio",2020-04-05,17,4043,119,11689100,0.00034588,0.00001018,0.639
"Oklahoma",2020-03-18,0,0,0,3956971,0,0,NA
"Oklahoma",2020-03-19,1,44,1,3956971,0.00001112,0.00000025,0
"Oklahoma",2020-03-20,2,49,1,3956971,0.00001238,0.00000025,0
"Oklahoma",2020-03-21,3,53,1,3956971,0.00001339,0.00000025,0.774
"Oklahoma",2020-03-22,4,67,2,3956971,0.00001693,0.00000051,0.461
"Oklahoma",2020-03-23,5,81,2,3956971,0.00002047,0.00000051,0.383
"Oklahoma",2020-03-24,6,106,3,3956971,0.00002679,0.00000076,0.537
"Oklahoma",2020-03-25,7,164,5,3956971,0.00004145,0.00000126,0.883
"Oklahoma",2020-03-26,8,248,7,3956971,0.00006267,0.00000177,1.091
"Oklahoma",2020-03-27,9,322,8,3956971,0.00008138,0.00000202,1.065
"Oklahoma",2020-03-28,10,377,15,3956971,0.00009527,0.00000379,0.953
"Oklahoma",2020-03-29,11,429,16,3956971,0.00010842,0.00000404,0.853
"Oklahoma",2020-03-30,12,481,16,3956971,0.00012156,0.00000404,0.771
"Oklahoma",2020-03-31,13,568,23,3956971,0.00014354,0.00000581,0.738
"Oklahoma",2020-04-01,14,721,30,3956971,0.00018221,0.00000758,0.75
"Oklahoma",2020-04-02,15,881,34,3956971,0.00022265,0.00000859,0.743
"Oklahoma",2020-04-03,16,990,38,3956971,0.00025019,0.0000096,0.702
"Oklahoma",2020-04-04,17,1161,42,3956971,0.00029341,0.00001061,0.684
"Oklahoma",2020-04-05,18,1254,46,3956971,0.00031691,0.00001163,0.641
"Oregon",2020-03-14,0,0,0,4217737,0,0,NA
"Oregon",2020-03-15,1,36,1,4217737,0.00000854,0.00000024,0
"Oregon",2020-03-16,2,39,1,4217737,0.00000925,0.00000024,0
"Oregon",2020-03-17,3,66,1,4217737,0.00001565,0.00000024,8
"Oregon",2020-03-18,4,75,3,4217737,0.00001778,0.00000071,2.25
"Oregon",2020-03-19,5,88,3,4217737,0.00002086,0.00000071,1.226
"Oregon",2020-03-20,6,114,3,4217737,0.00002703,0.00000071,1.094
"Oregon",2020-03-21,7,137,4,4217737,0.00003248,0.00000095,0.915
"Oregon",2020-03-22,8,161,5,4217737,0.00003817,0.00000119,0.791
"Oregon",2020-03-23,9,191,5,4217737,0.00004528,0.00000119,0.727
"Oregon",2020-03-24,10,210,8,4217737,0.00004979,0.0000019,0.626
"Oregon",2020-03-25,11,266,10,4217737,0.00006307,0.00000237,0.652
"Oregon",2020-03-26,12,316,11,4217737,0.00007492,0.00000261,0.634
"Oregon",2020-03-27,13,416,12,4217737,0.00009863,0.00000285,0.677
"Oregon",2020-03-28,14,479,13,4217737,0.00011357,0.00000308,0.646
"Oregon",2020-03-29,15,548,13,4217737,0.00012993,0.00000308,0.62
"Oregon",2020-03-30,16,606,16,4217737,0.00014368,0.00000379,0.585
"Oregon",2020-03-31,17,690,18,4217737,0.00016359,0.00000427,0.567
"Oregon",2020-04-01,18,736,19,4217737,0.0001745,0.0000045,0.532
"Oregon",2020-04-02,19,826,21,4217737,0.00019584,0.00000498,0.517
"Oregon",2020-04-03,20,899,22,4217737,0.00021315,0.00000522,0.496
"Oregon",2020-04-04,21,899,22,4217737,0.00021315,0.00000522,0.457
"Oregon",2020-04-05,22,1068,27,4217737,0.00025322,0.0000064,0.463
"Pennsylvania",2020-03-17,0,0,0,12801989,0,0,NA
"Pennsylvania",2020-03-18,1,155,1,12801989,0.00001211,0.00000008,0
"Pennsylvania",2020-03-19,2,206,1,12801989,0.00001609,0.00000008,0
"Pennsylvania",2020-03-20,3,311,1,12801989,0.00002429,0.00000008,10
"Pennsylvania",2020-03-21,4,399,2,12801989,0.00003117,0.00000016,3.825
"Pennsylvania",2020-03-22,5,509,4,12801989,0.00003976,0.00000031,2.35
"Pennsylvania",2020-03-23,6,698,6,12801989,0.00005452,0.00000047,1.994
"Pennsylvania",2020-03-24,7,946,8,12801989,0.00007389,0.00000062,1.79
"Pennsylvania",2020-03-25,8,1260,15,12801989,0.00009842,0.00000117,1.643
"Pennsylvania",2020-03-26,9,1795,18,12801989,0.00014021,0.00000141,1.642
"Pennsylvania",2020-03-27,10,2345,22,12801989,0.00018317,0.00000172,1.541
"Pennsylvania",2020-03-28,11,2845,34,12801989,0.00022223,0.00000266,1.396
"Pennsylvania",2020-03-29,12,3432,41,12801989,0.00026808,0.0000032,1.285
"Pennsylvania",2020-03-30,13,4155,50,12801989,0.00032456,0.00000391,1.203
"Pennsylvania",2020-03-31,14,4963,63,12801989,0.00038767,0.00000492,1.13
"Pennsylvania",2020-04-01,15,6009,74,12801989,0.00046938,0.00000578,1.08
"Pennsylvania",2020-04-02,16,7268,90,12801989,0.00056772,0.00000703,1.038
"Pennsylvania",2020-04-03,17,8570,102,12801989,0.00066943,0.00000797,0.991
"Pennsylvania",2020-04-04,18,10444,136,12801989,0.00081581,0.00001062,0.966
"Pennsylvania",2020-04-05,19,11589,151,12801989,0.00090525,0.0000118,0.909
"Rhode Island",2020-03-27,0,0,0,1059361,0,0,NA
"Rhode Island",2020-03-28,1,239,2,1059361,0.00022561,0.00000189,0
"Rhode Island",2020-03-29,2,294,3,1059361,0.00027753,0.00000283,0
"Rhode Island",2020-03-30,3,408,4,1059361,0.00038514,0.00000378,6.5
"Rhode Island",2020-03-31,4,488,8,1059361,0.00046066,0.00000755,2.125
"Rhode Island",2020-04-01,5,566,10,1059361,0.00053428,0.00000944,1.124
"Rhode Island",2020-04-02,6,657,12,1059361,0.00062019,0.00001133,0.792
"Rhode Island",2020-04-03,7,711,14,1059361,0.00067116,0.00001322,0.551
"Rhode Island",2020-04-04,8,806,17,1059361,0.00076084,0.00001605,0.476
"Rhode Island",2020-04-05,9,922,25,1059361,0.00087034,0.0000236,0.443
"South Carolina",2020-03-15,0,0,0,5148714,0,0,NA
"South Carolina",2020-03-16,1,30,1,5148714,0.00000583,0.00000019,0
"South Carolina",2020-03-17,2,47,1,5148714,0.00000913,0.00000019,0
"South Carolina",2020-03-18,3,60,1,5148714,0.00001165,0.00000019,9.5
"South Carolina",2020-03-19,4,80,1,5148714,0.00001554,0.00000019,4.125
"South Carolina",2020-03-20,5,126,3,5148714,0.00002447,0.00000058,3.5
"South Carolina",2020-03-21,6,174,3,5148714,0.00003379,0.00000058,2.775
"South Carolina",2020-03-22,7,196,3,5148714,0.00003807,0.00000058,1.937
"South Carolina",2020-03-23,8,298,5,5148714,0.00005788,0.00000097,1.991
"South Carolina",2020-03-24,9,342,5,5148714,0.00006642,0.00000097,1.62
"South Carolina",2020-03-25,10,424,7,5148714,0.00008235,0.00000136,1.463
"South Carolina",2020-03-26,11,424,9,5148714,0.00008235,0.00000175,1.156
"South Carolina",2020-03-27,12,542,13,5148714,0.00010527,0.00000252,1.124
"South Carolina",2020-03-28,13,660,15,5148714,0.00012819,0.00000291,1.066
"South Carolina",2020-03-29,14,774,16,5148714,0.00015033,0.00000311,0.999
"South Carolina",2020-03-30,15,925,18,5148714,0.00017966,0.0000035,0.956
"South Carolina",2020-03-31,16,1083,22,5148714,0.00021034,0.00000427,0.91
"South Carolina",2020-04-01,17,1293,26,5148714,0.00025113,0.00000505,0.881
"South Carolina",2020-04-02,18,1554,31,5148714,0.00030182,0.00000602,0.86
"South Carolina",2020-04-03,19,1700,34,5148714,0.00033018,0.0000066,0.808
"South Carolina",2020-04-04,20,1917,40,5148714,0.00037233,0.00000777,0.773
"South Carolina",2020-04-05,21,2049,44,5148714,0.00039796,0.00000855,0.728
"South Dakota",2020-03-10,0,0,0,884659,0,0,NA
"South Dakota",2020-03-11,1,8,1,884659,0.00000904,0.00000113,0
"South Dakota",2020-03-12,2,7,1,884659,0.00000791,0.00000113,0
"South Dakota",2020-03-13,3,8,1,884659,0.00000904,0.00000113,0
"South Dakota",2020-03-14,4,8,1,884659,0.00000904,0.00000113,0
"South Dakota",2020-03-15,5,8,1,884659,0.00000904,0.00000113,0
"South Dakota",2020-03-16,6,10,1,884659,0.0000113,0.00000113,0
"South Dakota",2020-03-17,7,11,1,884659,0.00001243,0.00000113,0
"South Dakota",2020-03-18,8,11,1,884659,0.00001243,0.00000113,0
"South Dakota",2020-03-19,9,14,1,884659,0.00001583,0.00000113,0
"South Dakota",2020-03-20,10,14,1,884659,0.00001583,0.00000113,0
"South Dakota",2020-03-21,11,14,1,884659,0.00001583,0.00000113,0
"South Dakota",2020-03-22,12,21,1,884659,0.00002374,0.00000113,0.06
"South Dakota",2020-03-23,13,28,1,884659,0.00003165,0.00000113,0.145
"South Dakota",2020-03-24,14,30,1,884659,0.00003391,0.00000113,0.145
"South Dakota",2020-03-25,15,41,1,884659,0.00004635,0.00000113,0.22
"South Dakota",2020-03-26,16,46,1,884659,0.000052,0.00000113,0.228
"South Dakota",2020-03-27,17,58,1,884659,0.00006556,0.00000113,0.267
"South Dakota",2020-03-28,18,68,1,884659,0.00007687,0.00000113,0.282
"South Dakota",2020-03-29,19,90,1,884659,0.00010173,0.00000113,0.326
"South Dakota",2020-03-30,20,101,1,884659,0.00011417,0.00000113,0.327
"South Dakota",2020-03-31,21,108,1,884659,0.00012208,0.00000113,0.317
"South Dakota",2020-04-01,22,129,2,884659,0.00014582,0.00000226,0.331
"South Dakota",2020-04-02,23,165,2,884659,0.00018651,0.00000226,0.358
"South Dakota",2020-04-03,24,187,2,884659,0.00021138,0.00000226,0.359
"South Dakota",2020-04-04,25,212,2,884659,0.00023964,0.00000226,0.36
"South Dakota",2020-04-05,26,240,2,884659,0.00027129,0.00000226,0.361
"Tennessee",2020-03-19,0,0,0,6829174,0,0,NA
"Tennessee",2020-03-20,1,223,1,6829174,0.00003265,0.00000015,0
"Tennessee",2020-03-21,2,304,1,6829174,0.00004451,0.00000015,0
"Tennessee",2020-03-22,3,393,2,6829174,0.00005755,0.00000029,7
"Tennessee",2020-03-23,4,614,2,6829174,0.00008991,0.00000029,4.4
"Tennessee",2020-03-24,5,772,2,6829174,0.00011304,0.00000029,2.575
"Tennessee",2020-03-25,6,916,3,6829174,0.00013413,0.00000044,1.738
"Tennessee",2020-03-26,7,1097,3,6829174,0.00016063,0.00000044,1.361
"Tennessee",2020-03-27,8,1318,6,6829174,0.000193,0.00000088,1.157
"Tennessee",2020-03-28,9,1511,7,6829174,0.00022126,0.00000103,0.98
"Tennessee",2020-03-29,10,1720,8,6829174,0.00025186,0.00000117,0.858
"Tennessee",2020-03-30,11,1917,14,6829174,0.00028071,0.00000205,0.759
"Tennessee",2020-03-31,12,2391,23,6829174,0.00035012,0.00000337,0.758
"Tennessee",2020-04-01,13,2933,24,6829174,0.00042948,0.00000351,0.749
"Tennessee",2020-04-02,14,2845,36,6829174,0.0004166,0.00000527,0.627
"Tennessee",2020-04-03,15,3067,41,6829174,0.0004491,0.000006,0.577
"Tennessee",2020-04-04,16,3322,50,6829174,0.00048644,0.00000732,0.539
"Tennessee",2020-04-05,17,3633,53,6829174,0.00053198,0.00000776,0.512
"Texas",2020-03-16,0,0,0,28995881,0,0,NA
"Texas",2020-03-17,1,110,1,28995881,0.00000379,0.00000003,0
"Texas",2020-03-18,2,196,3,28995881,0.00000676,0.0000001,0
"Texas",2020-03-19,3,306,5,28995881,0.00001055,0.00000017,18.5
"Texas",2020-03-20,4,374,4,28995881,0.0000129,0.00000014,6.5
"Texas",2020-03-21,5,582,5,28995881,0.00002007,0.00000017,4.825
"Texas",2020-03-22,6,643,7,28995881,0.00002218,0.00000024,2.825
"Texas",2020-03-23,7,758,9,28995881,0.00002614,0.00000031,2.05
"Texas",2020-03-24,8,955,12,28995881,0.00003294,0.00000041,1.756
"Texas",2020-03-25,9,1229,15,28995881,0.00004239,0.00000052,1.594
"Texas",2020-03-26,10,1563,21,28995881,0.0000539,0.00000072,1.471
"Texas",2020-03-27,11,1937,26,28995881,0.0000668,0.0000009,1.358
"Texas",2020-03-28,12,2455,30,28995881,0.00008467,0.00000103,1.293
"Texas",2020-03-29,13,2792,37,28995881,0.00009629,0.00000128,1.165
"Texas",2020-03-30,14,3147,45,28995881,0.00010853,0.00000155,1.062
"Texas",2020-03-31,15,3809,54,28995881,0.00013136,0.00000186,1.018
"Texas",2020-04-01,16,4355,66,28995881,0.00015019,0.00000228,0.955
"Texas",2020-04-02,17,5069,77,28995881,0.00017482,0.00000266,0.911
"Texas",2020-04-03,18,5734,100,28995881,0.00019775,0.00000345,0.863
"Texas",2020-04-04,19,6556,116,28995881,0.0002261,0.000004,0.826
"Texas",2020-04-05,20,7209,136,28995881,0.00024862,0.00000469,0.782
"Utah",2020-03-21,0,0,0,3205958,0,0,NA
"Utah",2020-03-22,1,162,1,3205958,0.00005053,0.00000031,0
"Utah",2020-03-23,2,257,1,3205958,0.00008016,0.00000031,0
"Utah",2020-03-24,3,298,1,3205958,0.00009295,0.00000031,8
"Utah",2020-03-25,4,340,1,3205958,0.00010605,0.00000031,2.3
"Utah",2020-03-26,5,396,1,3205958,0.00012352,0.00000031,1.229
"Utah",2020-03-27,6,472,1,3205958,0.00014723,0.00000031,0.913
"Utah",2020-03-28,7,602,1,3205958,0.00018778,0.00000031,0.878
"Utah",2020-03-29,8,720,2,3205958,0.00022458,0.00000062,0.785
"Utah",2020-03-30,9,804,4,3205958,0.00025078,0.00000125,0.664
"Utah",2020-03-31,10,888,5,3205958,0.00027698,0.00000156,0.579
"Utah",2020-04-01,11,888,5,3205958,0.00027698,0.00000156,0.46
"Utah",2020-04-02,12,1092,7,3205958,0.00034062,0.00000218,0.485
"Utah",2020-04-03,13,1253,7,3205958,0.00039083,0.00000218,0.473
"Utah",2020-04-04,14,1432,8,3205958,0.00044667,0.0000025,0.462
"Utah",2020-04-05,15,1603,8,3205958,0.00050001,0.0000025,0.446
"Vermont",2020-03-18,0,0,0,623989,0,0,NA
"Vermont",2020-03-19,1,22,2,623989,0.00003526,0.00000321,0
"Vermont",2020-03-20,2,29,2,623989,0.00004648,0.00000321,0
"Vermont",2020-03-21,3,49,2,623989,0.00007853,0.00000321,12.5
"Vermont",2020-03-22,4,52,2,623989,0.00008333,0.00000321,3.15
"Vermont",2020-03-23,5,75,5,623989,0.00012019,0.00000801,2.525
"Vermont",2020-03-24,6,95,7,623989,0.00015225,0.00001122,1.875
"Vermont",2020-03-25,7,125,8,623989,0.00020032,0.00001282,1.642
"Vermont",2020-03-26,8,158,9,623989,0.00025321,0.00001442,1.445
"Vermont",2020-03-27,9,184,10,623989,0.00029488,0.00001603,1.221
"Vermont",2020-03-28,10,211,12,623989,0.00033815,0.00001923,1.059
"Vermont",2020-03-29,11,235,12,623989,0.00037661,0.00001923,0.923
"Vermont",2020-03-30,12,256,12,623989,0.00041026,0.00001923,0.811
"Vermont",2020-03-31,13,293,13,623989,0.00046956,0.00002083,0.756
"Vermont",2020-04-01,14,321,16,623989,0.00051443,0.00002564,0.692
"Vermont",2020-04-02,15,338,17,623989,0.00054168,0.00002724,0.624
"Vermont",2020-04-03,16,389,17,623989,0.00062341,0.00002724,0.605
"Vermont",2020-04-04,17,461,20,623989,0.0007388,0.00003205,0.599
"Vermont",2020-04-05,18,512,22,623989,0.00082053,0.00003526,0.574
"Virginia",2020-03-13,0,0,0,8535519,0,0,NA
"Virginia",2020-03-14,1,37,1,8535519,0.00000433,0.00000012,0
"Virginia",2020-03-15,2,37,1,8535519,0.00000433,0.00000012,0
"Virginia",2020-03-16,3,49,2,8535519,0.00000574,0.00000023,2.15
"Virginia",2020-03-17,4,67,2,8535519,0.00000785,0.00000023,1.392
"Virginia",2020-03-18,5,79,2,8535519,0.00000926,0.00000023,0.805
"Virginia",2020-03-19,6,103,2,8535519,0.00001207,0.00000023,0.821
"Virginia",2020-03-20,7,123,2,8535519,0.00001441,0.00000023,0.71
"Virginia",2020-03-21,8,157,3,8535519,0.00001839,0.00000035,0.731
"Virginia",2020-03-22,9,220,6,8535519,0.00002577,0.0000007,0.843
"Virginia",2020-03-23,10,254,6,8535519,0.00002976,0.0000007,0.759
"Virginia",2020-03-24,11,293,9,8535519,0.00003433,0.00000105,0.701
"Virginia",2020-03-25,12,396,9,8535519,0.00004639,0.00000105,0.758
"Virginia",2020-03-26,13,466,10,8535519,0.0000546,0.00000117,0.725
"Virginia",2020-03-27,14,607,10,8535519,0.00007111,0.00000117,0.751
"Virginia",2020-03-28,15,740,13,8535519,0.0000867,0.00000152,0.743
"Virginia",2020-03-29,16,890,20,8535519,0.00010427,0.00000234,0.73
"Virginia",2020-03-30,17,1020,15,8535519,0.0001195,0.00000176,0.701
"Virginia",2020-03-31,18,1249,27,8535519,0.00014633,0.00000316,0.7
"Virginia",2020-04-01,19,1483,34,8535519,0.00017374,0.00000398,0.69
"Virginia",2020-04-02,20,1706,41,8535519,0.00019987,0.0000048,0.671
"Virginia",2020-04-03,21,2012,46,8535519,0.00023572,0.00000539,0.662
"Virginia",2020-04-04,22,2407,52,8535519,0.000282,0.00000609,0.658
"Virginia",2020-04-05,23,2640,52,8535519,0.0003093,0.00000609,0.632
"Washington",2020-02-28,0,0,0,7614893,0,0,NA
"Washington",2020-02-29,1,7,1,7614893,0.00000092,0.00000013,0
"Washington",2020-03-01,2,11,1,7614893,0.00000144,0.00000013,0
"Washington",2020-03-02,3,18,6,7614893,0.00000236,0.00000079,16
"Washington",2020-03-03,4,27,7,7614893,0.00000355,0.00000092,8
"Washington",2020-03-04,5,39,10,7614893,0.00000512,0.00000131,5
"Washington",2020-03-05,6,70,11,7614893,0.00000919,0.00000144,4.975
"Washington",2020-03-06,7,78,13,7614893,0.00001024,0.00000171,3.3
"Washington",2020-03-07,8,102,16,7614893,0.00001339,0.0000021,2.75
"Washington",2020-03-08,9,122,18,7614893,0.00001602,0.00000236,2.25
"Washington",2020-03-09,10,122,19,7614893,0.00001602,0.0000025,1.709
"Washington",2020-03-10,11,167,23,7614893,0.00002193,0.00000302,1.66
"Washington",2020-03-11,12,282,24,7614893,0.00003703,0.00000315,1.825
"Washington",2020-03-12,13,442,31,7614893,0.00005804,0.00000407,1.896
"Washington",2020-03-13,14,568,37,7614893,0.00007459,0.00000486,1.791
"Washington",2020-03-14,15,642,39,7614893,0.00008431,0.00000512,1.616
"Washington",2020-03-15,16,603,40,7614893,0.00007919,0.00000525,1.366
"Washington",2020-03-16,17,779,48,7614893,0.0001023,0.0000063,1.335
"Washington",2020-03-17,18,955,55,7614893,0.00012541,0.00000722,1.283
"Washington",2020-03-18,19,1022,67,7614893,0.00013421,0.0000088,1.179
"Washington",2020-03-19,20,1374,73,7614893,0.00018044,0.00000959,1.183
"Washington",2020-03-20,21,1524,83,7614893,0.00020013,0.0000109,1.113
"Washington",2020-03-21,22,1793,94,7614893,0.00023546,0.00001234,1.073
"Washington",2020-03-22,23,1997,97,7614893,0.00026225,0.00001274,1.021
"Washington",2020-03-23,24,2221,109,7614893,0.00029167,0.00001431,0.975
"Washington",2020-03-24,25,2328,116,7614893,0.00030572,0.00001523,0.918
"Washington",2020-03-25,26,2591,133,7614893,0.00034025,0.00001747,0.883
"Washington",2020-03-26,27,3207,150,7614893,0.00042115,0.0000197,0.877
"Washington",2020-03-27,28,3477,157,7614893,0.00045661,0.00002062,0.842
"Washington",2020-03-28,29,4030,188,7614893,0.00052923,0.00002469,0.824
"Washington",2020-03-29,30,4465,198,7614893,0.00058635,0.000026,0.799
"Washington",2020-03-30,31,4923,205,7614893,0.0006465,0.00002692,0.775
"Washington",2020-03-31,32,5432,225,7614893,0.00071334,0.00002955,0.753
"Washington",2020-04-01,33,5608,234,7614893,0.00073645,0.00003073,0.722
"Washington",2020-04-02,34,6389,271,7614893,0.00083901,0.00003559,0.709
"Washington",2020-04-03,35,6846,291,7614893,0.00089903,0.00003821,0.688
"Washington",2020-04-04,36,7247,315,7614893,0.00095169,0.00004137,0.667
"Washington",2020-04-05,37,7825,336,7614893,0.00102759,0.00004412,0.65
"West Virginia",2020-03-29,0,0,0,1792147,0,0,NA
"West Virginia",2020-03-30,1,145,1,1792147,0.00008091,0.00000056,0
"West Virginia",2020-03-31,2,162,1,1792147,0.00009039,0.00000056,0
"West Virginia",2020-04-01,3,191,1,1792147,0.00010658,0.00000056,2.05
"West Virginia",2020-04-02,4,216,2,1792147,0.00012053,0.00000112,0.356
"West Virginia",2020-04-03,5,237,2,1792147,0.00013224,0.00000112,0.086
"West Virginia",2020-04-04,6,282,2,1792147,0.00015735,0.00000112,0.172
"West Virginia",2020-04-05,7,324,3,1792147,0.00018079,0.00000167,0.194
"Wisconsin",2020-03-18,0,0,0,5822434,0,0,NA
"Wisconsin",2020-03-19,1,159,4,5822434,0.00002731,0.00000069,0
"Wisconsin",2020-03-20,2,219,3,5822434,0.00003761,0.00000052,0
"Wisconsin",2020-03-21,3,282,4,5822434,0.00004843,0.00000069,7
"Wisconsin",2020-03-22,4,381,4,5822434,0.00006544,0.00000069,3.25
"Wisconsin",2020-03-23,5,425,5,5822434,0.00007299,0.00000086,1.54
"Wisconsin",2020-03-24,6,481,5,5822434,0.00008261,0.00000086,0.994
"Wisconsin",2020-03-25,7,621,7,5822434,0.00010666,0.0000012,0.957
"Wisconsin",2020-03-26,8,728,10,5822434,0.00012503,0.00000172,0.821
"Wisconsin",2020-03-27,9,926,14,5822434,0.00015904,0.0000024,0.82
"Wisconsin",2020-03-28,10,1055,17,5822434,0.0001812,0.00000292,0.73
"Wisconsin",2020-03-29,11,1164,18,5822434,0.00019992,0.00000309,0.646
"Wisconsin",2020-03-30,12,1230,20,5822434,0.00021125,0.00000343,0.561
"Wisconsin",2020-03-31,13,1412,25,5822434,0.00024251,0.00000429,0.54
"Wisconsin",2020-04-01,14,1556,27,5822434,0.00026724,0.00000464,0.506
"Wisconsin",2020-04-02,15,1748,38,5822434,0.00030022,0.00000653,0.486
"Wisconsin",2020-04-03,16,2012,51,5822434,0.00034556,0.00000876,0.48
"Wisconsin",2020-04-04,17,2030,54,5822434,0.00034865,0.00000927,0.433
"Wisconsin",2020-04-05,18,2320,74,5822434,0.00039846,0.00001271,0.43
