"Date","Day","State","Cases","Death","Population","Cases_Percent","Death_Percent","Beta"
2020-03-12,0,"Alabama",0,0,4903185,0,0,0.001
2020-03-13,1,"Alabama",6,0,4903185,0.00000122,0,0.001
2020-03-14,2,"Alabama",12,0,4903185,0.00000245,0,0.001
2020-03-15,3,"Alabama",23,0,4903185,0.00000469,0,20
2020-03-16,4,"Alabama",29,0,4903185,0.00000591,0,11
2020-03-17,5,"Alabama",39,0,4903185,0.00000795,0,6
2020-03-18,6,"Alabama",51,0,4903185,0.0000104,0,4.25
2020-03-19,7,"Alabama",78,0,4903185,0.00001591,0,3.8
2020-03-20,8,"Alabama",106,0,4903185,0.00002162,0,3.2
2020-03-21,9,"Alabama",131,0,4903185,0.00002672,0,2.65
2020-03-22,10,"Alabama",157,0,4903185,0.00003202,0,2.25
2020-03-23,11,"Alabama",196,0,4903185,0.00003997,0,2
2020-03-24,12,"Alabama",242,0,4903185,0.00004936,0,1.825
2020-03-25,13,"Alabama",386,1,4903185,0.00007872,0.0000002,1.925
2020-03-26,14,"Alabama",538,3,4903185,0.00010972,0.00000061,1.875
2020-03-27,15,"Alabama",639,4,4903185,0.00013032,0.00000082,1.725
2020-03-28,16,"Alabama",720,4,4903185,0.00014684,0.00000082,1.575
2020-03-29,17,"Alabama",830,5,4903185,0.00016928,0.00000102,1.45
2020-03-11,0,"Alaska",0,0,731545,0,0,0.001
2020-03-12,1,"Alaska",1,0,731545,0.00000137,0,0.001
2020-03-13,2,"Alaska",1,0,731545,0.00000137,0,0.001
2020-03-14,3,"Alaska",1,0,731545,0.00000137,0,0.001
2020-03-15,4,"Alaska",1,0,731545,0.00000137,0,0.001
2020-03-16,5,"Alaska",3,0,731545,0.0000041,0,1.975
2020-03-17,6,"Alaska",6,0,731545,0.0000082,0,2.9
2020-03-18,7,"Alaska",9,0,731545,0.0000123,0,2.7
2020-03-19,8,"Alaska",12,0,731545,0.0000164,0,2.35
2020-03-20,9,"Alaska",14,0,731545,0.00001914,0,1.925
2020-03-21,10,"Alaska",21,0,731545,0.00002871,0,1.95
2020-03-22,11,"Alaska",22,0,731545,0.00003007,0,1.575
2020-03-23,12,"Alaska",36,0,731545,0.00004921,0,1.725
2020-03-24,13,"Alaska",42,0,731545,0.00005741,0,1.55
2020-03-25,14,"Alaska",59,0,731545,0.00008065,0,1.55
2020-03-26,15,"Alaska",69,0,731545,0.00009432,0,1.425
2020-03-27,16,"Alaska",85,1,731545,0.00011619,0.00000137,1.35
2020-03-28,17,"Alaska",102,1,731545,0.00013943,0.00000137,1.3
2020-03-29,18,"Alaska",114,1,731545,0.00015583,0.00000137,1.2
2020-01-25,0,"Arizona",0,0,7278717,0,0,0.001
2020-01-26,1,"Arizona",1,0,7278717,0.00000014,0,0.001
2020-01-27,2,"Arizona",1,0,7278717,0.00000014,0,0.001
2020-01-28,3,"Arizona",1,0,7278717,0.00000014,0,0.001
2020-01-29,4,"Arizona",1,0,7278717,0.00000014,0,0.001
2020-01-30,5,"Arizona",1,0,7278717,0.00000014,0,0.001
2020-01-31,6,"Arizona",1,0,7278717,0.00000014,0,0.001
2020-02-01,7,"Arizona",1,0,7278717,0.00000014,0,0.001
2020-02-02,8,"Arizona",1,0,7278717,0.00000014,0,0.001
2020-02-03,9,"Arizona",1,0,7278717,0.00000014,0,0.001
2020-02-04,10,"Arizona",1,0,7278717,0.00000014,0,0.001
2020-02-05,11,"Arizona",1,0,7278717,0.00000014,0,0.001
2020-02-06,12,"Arizona",1,0,7278717,0.00000014,0,0.001
2020-02-07,13,"Arizona",1,0,7278717,0.00000014,0,0.001
2020-02-08,14,"Arizona",1,0,7278717,0.00000014,0,0.001
2020-02-09,15,"Arizona",1,0,7278717,0.00000014,0,0.001
2020-02-10,16,"Arizona",1,0,7278717,0.00000014,0,0.001
2020-02-11,17,"Arizona",1,0,7278717,0.00000014,0,0.001
2020-02-12,18,"Arizona",1,0,7278717,0.00000014,0,0.001
2020-02-13,19,"Arizona",1,0,7278717,0.00000014,0,0.001
2020-02-14,20,"Arizona",1,0,7278717,0.00000014,0,0.001
2020-02-15,21,"Arizona",1,0,7278717,0.00000014,0,0.001
2020-02-16,22,"Arizona",1,0,7278717,0.00000014,0,0.001
2020-02-17,23,"Arizona",1,0,7278717,0.00000014,0,0.001
2020-02-18,24,"Arizona",1,0,7278717,0.00000014,0,0.001
2020-02-19,25,"Arizona",1,0,7278717,0.00000014,0,0.001
2020-02-20,26,"Arizona",1,0,7278717,0.00000014,0,0.001
2020-02-21,27,"Arizona",1,0,7278717,0.00000014,0,0.001
2020-02-22,28,"Arizona",1,0,7278717,0.00000014,0,0.001
2020-02-23,29,"Arizona",1,0,7278717,0.00000014,0,0.001
2020-02-24,30,"Arizona",1,0,7278717,0.00000014,0,0.001
2020-02-25,31,"Arizona",1,0,7278717,0.00000014,0,0.001
2020-02-26,32,"Arizona",1,0,7278717,0.00000014,0,0.001
2020-02-27,33,"Arizona",1,0,7278717,0.00000014,0,0.001
2020-02-28,34,"Arizona",1,0,7278717,0.00000014,0,0.001
2020-02-29,35,"Arizona",1,0,7278717,0.00000014,0,0.001
2020-03-01,36,"Arizona",1,0,7278717,0.00000014,0,0.001
2020-03-02,37,"Arizona",1,0,7278717,0.00000014,0,0.001
2020-03-03,38,"Arizona",2,0,7278717,0.00000027,0,0.001
2020-03-04,39,"Arizona",2,0,7278717,0.00000027,0,0.001
2020-03-05,40,"Arizona",2,0,7278717,0.00000027,0,0.001
2020-03-06,41,"Arizona",3,0,7278717,0.00000041,0,0.021
2020-03-07,42,"Arizona",5,0,7278717,0.00000069,0,0.065
2020-03-08,43,"Arizona",5,0,7278717,0.00000069,0,0.065
2020-03-09,44,"Arizona",6,0,7278717,0.00000082,0,0.077
2020-03-10,45,"Arizona",6,0,7278717,0.00000082,0,0.077
2020-03-11,46,"Arizona",9,0,7278717,0.00000124,0,0.105
2020-03-12,47,"Arizona",9,0,7278717,0.00000124,0,0.103
2020-03-13,48,"Arizona",9,0,7278717,0.00000124,0,0.101
2020-03-14,49,"Arizona",12,0,7278717,0.00000165,0,0.119
2020-03-15,50,"Arizona",13,0,7278717,0.00000179,0,0.123
2020-03-16,51,"Arizona",18,0,7278717,0.00000247,0,0.141
2020-03-17,52,"Arizona",20,0,7278717,0.00000275,0,0.145
2020-03-18,53,"Arizona",28,0,7278717,0.00000385,0,0.161
2020-03-19,54,"Arizona",47,0,7278717,0.00000646,0,0.189
2020-03-20,55,"Arizona",70,1,7278717,0.00000962,0.00000014,0.207
2020-03-21,56,"Arizona",104,1,7278717,0.00001429,0.00000014,0.227
2020-03-22,57,"Arizona",153,2,7278717,0.00002102,0.00000027,0.243
2020-03-23,58,"Arizona",234,2,7278717,0.00003215,0.00000027,0.263
2020-03-24,59,"Arizona",326,6,7278717,0.00004479,0.00000082,0.277
2020-03-25,60,"Arizona",402,6,7278717,0.00005523,0.00000082,0.283
2020-03-26,61,"Arizona",508,8,7278717,0.00006979,0.0000011,0.291
2020-03-27,62,"Arizona",665,15,7278717,0.00009136,0.00000206,0.301
2020-03-28,63,"Arizona",773,15,7278717,0.0001062,0.00000206,0.303
2020-03-29,64,"Arizona",929,18,7278717,0.00012763,0.00000247,0.309
2020-03-10,0,"Arkansas",0,0,3017804,0,0,0.001
2020-03-11,1,"Arkansas",1,0,3017804,0.00000033,0,0.001
2020-03-12,2,"Arkansas",6,0,3017804,0.00000199,0,0.001
2020-03-13,3,"Arkansas",7,0,3017804,0.00000232,0,20
2020-03-14,4,"Arkansas",9,0,3017804,0.00000298,0,20
2020-03-15,5,"Arkansas",16,0,3017804,0.0000053,0,15.5
2020-03-16,6,"Arkansas",22,0,3017804,0.00000729,0,10
2020-03-17,7,"Arkansas",22,0,3017804,0.00000729,0,5.5
2020-03-18,8,"Arkansas",33,0,3017804,0.00001094,0,4.95
2020-03-19,9,"Arkansas",62,0,3017804,0.00002054,0,5
2020-03-20,10,"Arkansas",100,0,3017804,0.00003314,0,4.7
2020-03-21,11,"Arkansas",118,0,3017804,0.0000391,0,3.9
2020-03-22,12,"Arkansas",165,0,3017804,0.00005468,0,3.55
2020-03-23,13,"Arkansas",201,0,3017804,0.0000666,0,3.15
2020-03-24,14,"Arkansas",232,2,3017804,0.00007688,0.00000066,2.75
2020-03-25,15,"Arkansas",308,2,3017804,0.00010206,0.00000066,2.6
2020-03-26,16,"Arkansas",351,3,3017804,0.00011631,0.00000099,2.35
2020-03-27,17,"Arkansas",386,3,3017804,0.00012791,0.00000099,2.1
2020-03-28,18,"Arkansas",409,5,3017804,0.00013553,0.00000166,1.875
2020-03-29,19,"Arkansas",449,6,3017804,0.00014878,0.00000199,1.725
2020-01-24,0,"California",0,0,39512223,0,0,0.001
2020-01-25,1,"California",1,0,39512223,0.00000003,0,0.001
2020-01-26,2,"California",2,0,39512223,0.00000005,0,0.001
2020-01-27,3,"California",2,0,39512223,0.00000005,0,6
2020-01-28,4,"California",2,0,39512223,0.00000005,0,0.923
2020-01-29,5,"California",2,0,39512223,0.00000005,0,0.133
2020-01-30,6,"California",2,0,39512223,0.00000005,0,0.001
2020-01-31,7,"California",3,0,39512223,0.00000008,0,0.405
2020-02-01,8,"California",3,0,39512223,0.00000008,0,0.249
2020-02-02,9,"California",6,0,39512223,0.00000015,0,0.671
2020-02-03,10,"California",6,0,39512223,0.00000015,0,0.511
2020-02-04,11,"California",6,0,39512223,0.00000015,0,0.405
2020-02-05,12,"California",6,0,39512223,0.00000015,0,0.333
2020-02-06,13,"California",6,0,39512223,0.00000015,0,0.281
2020-02-07,14,"California",6,0,39512223,0.00000015,0,0.241
2020-02-08,15,"California",6,0,39512223,0.00000015,0,0.211
2020-02-09,16,"California",6,0,39512223,0.00000015,0,0.189
2020-02-10,17,"California",7,0,39512223,0.00000018,0,0.217
2020-02-11,18,"California",7,0,39512223,0.00000018,0,0.197
2020-02-12,19,"California",7,0,39512223,0.00000018,0,0.181
2020-02-13,20,"California",7,0,39512223,0.00000018,0,0.167
2020-02-14,21,"California",7,0,39512223,0.00000018,0,0.157
2020-02-15,22,"California",7,0,39512223,0.00000018,0,0.147
2020-02-16,23,"California",7,0,39512223,0.00000018,0,0.139
2020-02-17,24,"California",7,0,39512223,0.00000018,0,0.133
2020-02-18,25,"California",7,0,39512223,0.00000018,0,0.125
2020-02-19,26,"California",7,0,39512223,0.00000018,0,0.121
2020-02-20,27,"California",8,0,39512223,0.0000002,0,0.129
2020-02-21,28,"California",9,0,39512223,0.00000023,0,0.141
2020-02-22,29,"California",9,0,39512223,0.00000023,0,0.137
2020-02-23,30,"California",9,0,39512223,0.00000023,0,0.131
2020-02-24,31,"California",11,0,39512223,0.00000028,0,0.149
2020-02-25,32,"California",11,0,39512223,0.00000028,0,0.145
2020-02-26,33,"California",26,0,39512223,0.00000066,0,0.231
2020-02-27,34,"California",26,0,39512223,0.00000066,0,0.223
2020-02-28,35,"California",27,0,39512223,0.00000068,0,0.219
2020-02-29,36,"California",28,0,39512223,0.00000071,0,0.217
2020-03-01,37,"California",33,0,39512223,0.00000084,0,0.225
2020-03-02,38,"California",38,0,39512223,0.00000096,0,0.231
2020-03-03,39,"California",45,0,39512223,0.00000114,0,0.241
2020-03-04,40,"California",55,1,39512223,0.00000139,0.00000003,0.251
2020-03-05,41,"California",67,1,39512223,0.0000017,0.00000003,0.261
2020-03-06,42,"California",81,1,39512223,0.00000205,0.00000003,0.271
2020-03-07,43,"California",100,1,39512223,0.00000253,0.00000003,0.281
2020-03-08,44,"California",112,1,39512223,0.00000283,0.00000003,0.283
2020-03-09,45,"California",172,2,39512223,0.00000435,0.00000005,0.309
2020-03-10,46,"California",179,3,39512223,0.00000453,0.00000008,0.305
2020-03-11,47,"California",202,4,39512223,0.00000511,0.0000001,0.307
2020-03-12,48,"California",252,4,39512223,0.00000638,0.0000001,0.317
2020-03-13,49,"California",320,5,39512223,0.0000081,0.00000013,0.327
2020-03-14,50,"California",381,5,39512223,0.00000964,0.00000013,0.331
2020-03-15,51,"California",478,6,39512223,0.0000121,0.00000015,0.339
2020-03-16,52,"California",588,11,39512223,0.00001488,0.00000028,0.347
2020-03-17,53,"California",732,14,39512223,0.00001853,0.00000035,0.355
2020-03-18,54,"California",893,17,39512223,0.0000226,0.00000043,0.361
2020-03-19,55,"California",1067,19,39512223,0.000027,0.00000048,0.365
2020-03-20,56,"California",1283,24,39512223,0.00003247,0.00000061,0.369
2020-03-21,57,"California",1544,28,39512223,0.00003908,0.00000071,0.373
2020-03-22,58,"California",1851,35,39512223,0.00004685,0.00000089,0.377
2020-03-23,59,"California",2240,39,39512223,0.00005669,0.00000099,0.381
2020-03-24,60,"California",2644,52,39512223,0.00006692,0.00000132,0.385
2020-03-25,61,"California",3183,67,39512223,0.00008056,0.0000017,0.389
2020-03-26,62,"California",4060,82,39512223,0.00010275,0.00000208,0.395
2020-03-27,63,"California",4914,102,39512223,0.00012437,0.00000258,0.399
2020-03-28,64,"California",5565,121,39512223,0.00014084,0.00000306,0.399
2020-03-29,65,"California",6266,130,39512223,0.00015858,0.00000329,0.399
2020-03-04,0,"Colorado",0,0,5758736,0,0,0.001
2020-03-05,1,"Colorado",2,0,5758736,0.00000035,0,0.001
2020-03-06,2,"Colorado",8,0,5758736,0.00000139,0,0.001
2020-03-07,3,"Colorado",8,0,5758736,0.00000139,0,20
2020-03-08,4,"Colorado",8,0,5758736,0.00000139,0,8.5
2020-03-09,5,"Colorado",12,0,5758736,0.00000208,0,5.5
2020-03-10,6,"Colorado",17,0,5758736,0.00000295,0,4.2
2020-03-11,7,"Colorado",34,0,5758736,0.0000059,0,4.65
2020-03-12,8,"Colorado",49,1,5758736,0.00000851,0.00000017,4
2020-03-13,9,"Colorado",78,2,5758736,0.00001354,0.00000035,3.8
2020-03-14,10,"Colorado",103,2,5758736,0.00001789,0.00000035,3.35
2020-03-15,11,"Colorado",136,2,5758736,0.00002362,0.00000035,3
2020-03-16,12,"Colorado",161,2,5758736,0.00002796,0.00000035,2.6
2020-03-17,13,"Colorado",183,3,5758736,0.00003178,0.00000052,2.25
2020-03-18,14,"Colorado",216,3,5758736,0.00003751,0.00000052,2
2020-03-19,15,"Colorado",278,5,5758736,0.00004827,0.00000087,1.925
2020-03-20,16,"Colorado",364,5,5758736,0.00006321,0.00000087,1.825
2020-03-21,17,"Colorado",475,6,5758736,0.00008248,0.00000104,1.775
2020-03-22,18,"Colorado",591,7,5758736,0.00010263,0.00000122,1.675
2020-03-23,19,"Colorado",721,10,5758736,0.0001252,0.00000174,1.6
2020-03-24,20,"Colorado",912,11,5758736,0.00015837,0.00000191,1.55
2020-03-25,21,"Colorado",1086,19,5758736,0.00018858,0.0000033,1.475
2020-03-26,22,"Colorado",1432,24,5758736,0.00024867,0.00000417,1.45
2020-03-27,23,"Colorado",1735,31,5758736,0.00030128,0.00000538,1.4
2020-03-28,24,"Colorado",2061,44,5758736,0.00035789,0.00000764,1.35
2020-03-29,25,"Colorado",2315,47,5758736,0.000402,0.00000816,1.3
2020-03-07,0,"Connecticut",0,0,3565287,0,0,0.001
2020-03-08,1,"Connecticut",1,0,3565287,0.00000028,0,0.001
2020-03-09,2,"Connecticut",2,0,3565287,0.00000056,0,0.001
2020-03-10,3,"Connecticut",2,0,3565287,0.00000056,0,9.5
2020-03-11,4,"Connecticut",3,0,3565287,0.00000084,0,5
2020-03-12,5,"Connecticut",6,0,3565287,0.00000168,0,5.5
2020-03-13,6,"Connecticut",11,0,3565287,0.00000309,0,5.5
2020-03-14,7,"Connecticut",20,0,3565287,0.00000561,0,5.5
2020-03-15,8,"Connecticut",26,0,3565287,0.00000729,0,4.2
2020-03-16,9,"Connecticut",41,0,3565287,0.0000115,0,3.95
2020-03-17,10,"Connecticut",68,0,3565287,0.00001907,0,3.85
2020-03-18,11,"Connecticut",96,1,3565287,0.00002693,0.00000028,3.55
2020-03-19,12,"Connecticut",159,4,3565287,0.0000446,0.00000112,3.5
2020-03-20,13,"Connecticut",194,4,3565287,0.00005441,0.00000112,3.1
2020-03-21,14,"Connecticut",223,5,3565287,0.00006255,0.0000014,2.7
2020-03-22,15,"Connecticut",327,8,3565287,0.00009172,0.00000224,2.65
2020-03-23,16,"Connecticut",415,10,3565287,0.0001164,0.0000028,2.45
2020-03-24,17,"Connecticut",618,12,3565287,0.00017334,0.00000337,2.45
2020-03-25,18,"Connecticut",875,19,3565287,0.00024542,0.00000533,2.4
2020-03-26,19,"Connecticut",1012,21,3565287,0.00028385,0.00000589,2.2
2020-03-27,20,"Connecticut",1291,27,3565287,0.0003621,0.00000757,2.1
2020-03-28,21,"Connecticut",1524,33,3565287,0.00042746,0.00000926,1.975
2020-03-29,22,"Connecticut",1993,34,3565287,0.000559,0.00000954,1.925
2020-03-10,0,"Delaware",0,0,973764,0,0,0.001
2020-03-11,1,"Delaware",1,0,973764,0.00000103,0,0.001
2020-03-12,2,"Delaware",4,0,973764,0.00000411,0,0.001
2020-03-13,3,"Delaware",4,0,973764,0.00000411,0,20
2020-03-14,4,"Delaware",4,0,973764,0.00000411,0,8.5
2020-03-15,5,"Delaware",7,0,973764,0.00000719,0,6.5
2020-03-16,6,"Delaware",8,0,973764,0.00000822,0,4
2020-03-17,7,"Delaware",16,0,973764,0.00001643,0,4.45
2020-03-18,8,"Delaware",26,0,973764,0.0000267,0,4.2
2020-03-19,9,"Delaware",30,0,973764,0.00003081,0,3.25
2020-03-20,10,"Delaware",39,0,973764,0.00004005,0,2.85
2020-03-21,11,"Delaware",45,0,973764,0.00004621,0,2.4
2020-03-22,12,"Delaware",56,0,973764,0.00005751,0,2.15
2020-03-23,13,"Delaware",87,0,973764,0.00008934,0,2.2
2020-03-24,14,"Delaware",104,0,973764,0.0001068,0,2
2020-03-25,15,"Delaware",119,0,973764,0.00012221,0,1.8
2020-03-26,16,"Delaware",143,1,973764,0.00014685,0.00000103,1.675
2020-03-27,17,"Delaware",165,2,973764,0.00016945,0.00000205,1.55
2020-03-28,18,"Delaware",214,5,973764,0.00021977,0.00000513,1.5
2020-03-29,19,"Delaware",232,6,973764,0.00023825,0.00000616,1.4
2020-03-06,0,"District of Columbia",0,0,705749,0,0,0.001
2020-03-07,1,"District of Columbia",1,0,705749,0.00000142,0,0.001
2020-03-08,2,"District of Columbia",1,0,705749,0.00000142,0,0.001
2020-03-09,3,"District of Columbia",4,0,705749,0.00000567,0,20
2020-03-10,4,"District of Columbia",4,0,705749,0.00000567,0,8.5
2020-03-11,5,"District of Columbia",10,0,705749,0.00001417,0,10
2020-03-12,6,"District of Columbia",10,0,705749,0.00001417,0,5
2020-03-13,7,"District of Columbia",10,0,705749,0.00001417,0,3
2020-03-14,8,"District of Columbia",16,0,705749,0.00002267,0,2.95
2020-03-15,9,"District of Columbia",17,0,705749,0.00002409,0,2.2
2020-03-16,10,"District of Columbia",22,0,705749,0.00003117,0,2
2020-03-17,11,"District of Columbia",31,0,705749,0.00004392,0,1.95
2020-03-18,12,"District of Columbia",36,0,705749,0.00005101,0,1.725
2020-03-19,13,"District of Columbia",68,0,705749,0.00009635,0,1.975
2020-03-20,14,"District of Columbia",77,1,705749,0.0001091,0.00000142,1.75
2020-03-21,15,"District of Columbia",98,1,705749,0.00013886,0.00000142,1.65
2020-03-22,16,"District of Columbia",116,2,705749,0.00016436,0.00000283,1.55
2020-03-23,17,"District of Columbia",138,2,705749,0.00019554,0.00000283,1.45
2020-03-24,18,"District of Columbia",183,2,705749,0.0002593,0.00000283,1.425
2020-03-25,19,"District of Columbia",231,3,705749,0.00032731,0.00000425,1.375
2020-03-26,20,"District of Columbia",267,3,705749,0.00037832,0.00000425,1.3
2020-03-27,21,"District of Columbia",304,4,705749,0.00043075,0.00000567,1.25
2020-03-28,22,"District of Columbia",342,4,705749,0.00048459,0.00000567,1.175
2020-03-29,23,"District of Columbia",342,4,705749,0.00048459,0.00000567,1.075
2020-02-29,0,"Florida",0,0,21477737,0,0,0.001
2020-03-01,1,"Florida",2,0,21477737,0.00000009,0,0.001
2020-03-02,2,"Florida",2,0,21477737,0.00000009,0,0.001
2020-03-03,3,"Florida",3,0,21477737,0.00000014,0,4.75
2020-03-04,4,"Florida",3,0,21477737,0.00000014,0,0.567
2020-03-05,5,"Florida",4,0,21477737,0.00000019,0,0.767
2020-03-06,6,"Florida",7,2,21477737,0.00000033,0.00000009,1.45
2020-03-07,7,"Florida",12,2,21477737,0.00000056,0.00000009,1.825
2020-03-08,8,"Florida",13,2,21477737,0.00000061,0.00000009,1.35
2020-03-09,9,"Florida",14,2,21477737,0.00000065,0.00000009,1.05
2020-03-10,10,"Florida",23,2,21477737,0.00000107,0.00000009,1.275
2020-03-11,11,"Florida",26,2,21477737,0.00000121,0.00000009,1.125
2020-03-12,12,"Florida",46,2,21477737,0.00000214,0.00000009,1.35
2020-03-13,13,"Florida",70,2,21477737,0.00000326,0.00000009,1.425
2020-03-14,14,"Florida",70,3,21477737,0.00000326,0.00000014,1.2
2020-03-15,15,"Florida",109,3,21477737,0.00000508,0.00000014,1.3
2020-03-16,16,"Florida",141,4,21477737,0.00000656,0.00000019,1.275
2020-03-17,17,"Florida",210,6,21477737,0.00000978,0.00000028,1.325
2020-03-18,18,"Florida",326,7,21477737,0.00001518,0.00000033,1.4
2020-03-19,19,"Florida",434,8,21477737,0.00002021,0.00000037,1.375
2020-03-20,20,"Florida",564,9,21477737,0.00002626,0.00000042,1.35
2020-03-21,21,"Florida",764,11,21477737,0.00003557,0.00000051,1.35
2020-03-22,22,"Florida",1000,13,21477737,0.00004656,0.00000061,1.325
2020-03-23,23,"Florida",1222,18,21477737,0.0000569,0.00000084,1.3
2020-03-24,24,"Florida",1467,19,21477737,0.0000683,0.00000088,1.25
2020-03-25,25,"Florida",1965,23,21477737,0.00009149,0.00000107,1.25
2020-03-26,26,"Florida",2477,29,21477737,0.00011533,0.00000135,1.225
2020-03-27,27,"Florida",3198,46,21477737,0.0001489,0.00000214,1.225
2020-03-28,28,"Florida",4038,56,21477737,0.00018801,0.00000261,1.2
2020-03-29,29,"Florida",4942,59,21477737,0.0002301,0.00000275,1.175
2020-03-01,0,"Georgia",0,0,10617423,0,0,0.001
2020-03-02,1,"Georgia",2,0,10617423,0.00000019,0,0.001
2020-03-03,2,"Georgia",2,0,10617423,0.00000019,0,0.001
2020-03-04,3,"Georgia",2,0,10617423,0.00000019,0,0.001
2020-03-05,4,"Georgia",2,0,10617423,0.00000019,0,0.001
2020-03-06,5,"Georgia",3,0,10617423,0.00000028,0,0.001
2020-03-07,6,"Georgia",7,0,10617423,0.00000066,0,1.3
2020-03-08,7,"Georgia",11,0,10617423,0.00000104,0,1.575
2020-03-09,8,"Georgia",17,0,10617423,0.0000016,0,1.7
2020-03-10,9,"Georgia",22,0,10617423,0.00000207,0,1.55
2020-03-11,10,"Georgia",31,0,10617423,0.00000292,0,1.55
2020-03-12,11,"Georgia",31,1,10617423,0.00000292,0.00000009,1.225
2020-03-13,12,"Georgia",41,1,10617423,0.00000386,0.00000009,1.225
2020-03-14,13,"Georgia",65,1,10617423,0.00000612,0.00000009,1.325
2020-03-15,14,"Georgia",97,1,10617423,0.00000914,0.00000009,1.4
2020-03-16,15,"Georgia",118,1,10617423,0.00001111,0.00000009,1.325
2020-03-17,16,"Georgia",142,1,10617423,0.00001337,0.00000009,1.25
2020-03-18,17,"Georgia",193,3,10617423,0.00001818,0.00000028,1.25
2020-03-19,18,"Georgia",282,10,10617423,0.00002656,0.00000094,1.3
2020-03-20,19,"Georgia",482,14,10617423,0.0000454,0.00000132,1.4
2020-03-21,20,"Georgia",552,20,10617423,0.00005199,0.00000188,1.325
2020-03-22,21,"Georgia",620,25,10617423,0.00005839,0.00000235,1.25
2020-03-23,22,"Georgia",800,25,10617423,0.00007535,0.00000235,1.225
2020-03-24,23,"Georgia",1097,38,10617423,0.00010332,0.00000358,1.225
2020-03-25,24,"Georgia",1387,47,10617423,0.00013063,0.00000443,1.225
2020-03-26,25,"Georgia",1643,56,10617423,0.00015475,0.00000527,1.175
2020-03-27,26,"Georgia",2198,64,10617423,0.00020702,0.00000603,1.175
2020-03-28,27,"Georgia",2447,79,10617423,0.00023047,0.00000744,1.125
2020-03-29,28,"Georgia",2683,83,10617423,0.0002527,0.00000782,1.075
2020-03-05,0,"Hawaii",0,0,1415872,0,0,0.001
2020-03-06,1,"Hawaii",1,0,1415872,0.00000071,0,0.001
2020-03-07,2,"Hawaii",1,0,1415872,0.00000071,0,0.001
2020-03-08,3,"Hawaii",2,0,1415872,0.00000141,0,9.5
2020-03-09,4,"Hawaii",2,0,1415872,0.00000141,0,1.95
2020-03-10,5,"Hawaii",2,0,1415872,0.00000141,0,0.589
2020-03-11,6,"Hawaii",2,0,1415872,0.00000141,0,0.205
2020-03-12,7,"Hawaii",2,0,1415872,0.00000141,0,0.065
2020-03-13,8,"Hawaii",2,0,1415872,0.00000141,0,0.007
2020-03-14,9,"Hawaii",4,0,1415872,0.00000283,0,0.469
2020-03-15,10,"Hawaii",7,0,1415872,0.00000494,0,0.769
2020-03-16,11,"Hawaii",10,0,1415872,0.00000706,0,0.867
2020-03-17,12,"Hawaii",14,0,1415872,0.00000989,0,0.933
2020-03-18,13,"Hawaii",16,0,1415872,0.0000113,0,0.861
2020-03-19,14,"Hawaii",26,0,1415872,0.00001836,0,1
2020-03-20,15,"Hawaii",37,0,1415872,0.00002613,0,1.05
2020-03-21,16,"Hawaii",48,0,1415872,0.0000339,0,1.05
2020-03-22,17,"Hawaii",56,0,1415872,0.00003955,0,0.995
2020-03-23,18,"Hawaii",77,0,1415872,0.00005438,0,1.025
2020-03-24,19,"Hawaii",90,0,1415872,0.00006357,0,0.979
2020-03-25,20,"Hawaii",95,0,1415872,0.0000671,0,0.905
2020-03-26,21,"Hawaii",106,0,1415872,0.00007487,0,0.863
2020-03-27,22,"Hawaii",120,0,1415872,0.00008475,0,0.829
2020-03-28,23,"Hawaii",151,0,1415872,0.00010665,0,0.829
2020-03-29,24,"Hawaii",175,0,1415872,0.0001236,0,0.807
2020-03-12,0,"Idaho",0,0,1787065,0,0,0.001
2020-03-13,1,"Idaho",1,0,1787065,0.00000056,0,0.001
2020-03-14,2,"Idaho",5,0,1787065,0.0000028,0,0.001
2020-03-15,3,"Idaho",5,0,1787065,0.0000028,0,20
2020-03-16,4,"Idaho",5,0,1787065,0.0000028,0,11.5
2020-03-17,5,"Idaho",9,0,1787065,0.00000504,0,9
2020-03-18,6,"Idaho",11,0,1787065,0.00000616,0,5.5
2020-03-19,7,"Idaho",23,0,1787065,0.00001287,0,6
2020-03-20,8,"Idaho",31,0,1787065,0.00001735,0,4.7
2020-03-21,9,"Idaho",42,0,1787065,0.0000235,0,4
2020-03-22,10,"Idaho",47,0,1787065,0.0000263,0,3.2
2020-03-23,11,"Idaho",50,0,1787065,0.00002798,0,2.55
2020-03-24,12,"Idaho",73,0,1787065,0.00004085,0,2.45
2020-03-25,13,"Idaho",123,0,1787065,0.00006883,0,2.55
2020-03-26,14,"Idaho",189,3,1787065,0.00010576,0.00000168,2.55
2020-03-27,15,"Idaho",231,4,1787065,0.00012926,0.00000224,2.35
2020-03-28,16,"Idaho",261,5,1787065,0.00014605,0.0000028,2.1
2020-03-29,17,"Idaho",310,6,1787065,0.00017347,0.00000336,1.95
2020-01-23,0,"Illinois",0,0,12671821,0,0,0.001
2020-01-24,1,"Illinois",1,0,12671821,0.00000008,0,0.001
2020-01-25,2,"Illinois",1,0,12671821,0.00000008,0,0.001
2020-01-26,3,"Illinois",1,0,12671821,0.00000008,0,0.001
2020-01-27,4,"Illinois",1,0,12671821,0.00000008,0,0.001
2020-01-28,5,"Illinois",1,0,12671821,0.00000008,0,0.001
2020-01-29,6,"Illinois",1,0,12671821,0.00000008,0,0.001
2020-01-30,7,"Illinois",2,0,12671821,0.00000016,0,0.073
2020-01-31,8,"Illinois",2,0,12671821,0.00000016,0,0.013
2020-02-01,9,"Illinois",2,0,12671821,0.00000016,0,0.001
2020-02-02,10,"Illinois",2,0,12671821,0.00000016,0,0.001
2020-02-03,11,"Illinois",2,0,12671821,0.00000016,0,0.001
2020-02-04,12,"Illinois",2,0,12671821,0.00000016,0,0.001
2020-02-05,13,"Illinois",2,0,12671821,0.00000016,0,0.001
2020-02-06,14,"Illinois",2,0,12671821,0.00000016,0,0.001
2020-02-07,15,"Illinois",2,0,12671821,0.00000016,0,0.001
2020-02-08,16,"Illinois",2,0,12671821,0.00000016,0,0.001
2020-02-09,17,"Illinois",2,0,12671821,0.00000016,0,0.001
2020-02-10,18,"Illinois",2,0,12671821,0.00000016,0,0.001
2020-02-11,19,"Illinois",2,0,12671821,0.00000016,0,0.001
2020-02-12,20,"Illinois",2,0,12671821,0.00000016,0,0.001
2020-02-13,21,"Illinois",2,0,12671821,0.00000016,0,0.001
2020-02-14,22,"Illinois",2,0,12671821,0.00000016,0,0.001
2020-02-15,23,"Illinois",2,0,12671821,0.00000016,0,0.001
2020-02-16,24,"Illinois",2,0,12671821,0.00000016,0,0.001
2020-02-17,25,"Illinois",2,0,12671821,0.00000016,0,0.001
2020-02-18,26,"Illinois",2,0,12671821,0.00000016,0,0.001
2020-02-19,27,"Illinois",2,0,12671821,0.00000016,0,0.001
2020-02-20,28,"Illinois",2,0,12671821,0.00000016,0,0.001
2020-02-21,29,"Illinois",2,0,12671821,0.00000016,0,0.001
2020-02-22,30,"Illinois",2,0,12671821,0.00000016,0,0.001
2020-02-23,31,"Illinois",2,0,12671821,0.00000016,0,0.001
2020-02-24,32,"Illinois",2,0,12671821,0.00000016,0,0.001
2020-02-25,33,"Illinois",2,0,12671821,0.00000016,0,0.001
2020-02-26,34,"Illinois",2,0,12671821,0.00000016,0,0.001
2020-02-27,35,"Illinois",2,0,12671821,0.00000016,0,0.001
2020-02-28,36,"Illinois",2,0,12671821,0.00000016,0,0.001
2020-02-29,37,"Illinois",3,0,12671821,0.00000024,0,0.023
2020-03-01,38,"Illinois",3,0,12671821,0.00000024,0,0.023
2020-03-02,39,"Illinois",4,0,12671821,0.00000032,0,0.049
2020-03-03,40,"Illinois",4,0,12671821,0.00000032,0,0.049
2020-03-04,41,"Illinois",4,0,12671821,0.00000032,0,0.049
2020-03-05,42,"Illinois",5,0,12671821,0.00000039,0,0.065
2020-03-06,43,"Illinois",6,0,12671821,0.00000047,0,0.079
2020-03-07,44,"Illinois",6,0,12671821,0.00000047,0,0.077
2020-03-08,45,"Illinois",7,0,12671821,0.00000055,0,0.087
2020-03-09,46,"Illinois",11,0,12671821,0.00000087,0,0.119
2020-03-10,47,"Illinois",19,0,12671821,0.0000015,0,0.153
2020-03-11,48,"Illinois",25,0,12671821,0.00000197,0,0.169
2020-03-12,49,"Illinois",32,0,12671821,0.00000253,0,0.181
2020-03-13,50,"Illinois",46,0,12671821,0.00000363,0,0.201
2020-03-14,51,"Illinois",66,0,12671821,0.00000521,0,0.219
2020-03-15,52,"Illinois",94,0,12671821,0.00000742,0,0.237
2020-03-16,53,"Illinois",104,0,12671821,0.00000821,0,0.239
2020-03-17,54,"Illinois",159,1,12671821,0.00001255,0.00000008,0.259
2020-03-18,55,"Illinois",286,1,12671821,0.00002257,0.00000008,0.291
2020-03-19,56,"Illinois",420,4,12671821,0.00003314,0.00000032,0.307
2020-03-20,57,"Illinois",583,5,12671821,0.00004601,0.00000039,0.321
2020-03-21,58,"Illinois",751,6,12671821,0.00005927,0.00000047,0.331
2020-03-22,59,"Illinois",1047,9,12671821,0.00008262,0.00000071,0.345
2020-03-23,60,"Illinois",1285,12,12671821,0.00010141,0.00000095,0.351
2020-03-24,61,"Illinois",1535,16,12671821,0.00012113,0.00000126,0.355
2020-03-25,62,"Illinois",1875,21,12671821,0.00014797,0.00000166,0.359
2020-03-26,63,"Illinois",2538,26,12671821,0.00020029,0.00000205,0.371
2020-03-27,64,"Illinois",3029,37,12671821,0.00023903,0.00000292,0.373
2020-03-28,65,"Illinois",3547,50,12671821,0.00027991,0.00000395,0.375
2020-03-29,66,"Illinois",4613,70,12671821,0.00036404,0.00000552,0.383
2020-03-05,0,"Indiana",0,0,6732219,0,0,0.001
2020-03-06,1,"Indiana",1,0,6732219,0.00000015,0,0.001
2020-03-07,2,"Indiana",1,0,6732219,0.00000015,0,0.001
2020-03-08,3,"Indiana",2,0,6732219,0.0000003,0,9.5
2020-03-09,4,"Indiana",4,0,6732219,0.00000059,0,8
2020-03-10,5,"Indiana",6,0,6732219,0.00000089,0,5.5
2020-03-11,6,"Indiana",11,0,6732219,0.00000163,0,5.5
2020-03-12,7,"Indiana",12,0,6732219,0.00000178,0,3.5
2020-03-13,8,"Indiana",12,0,6732219,0.00000178,0,2.35
2020-03-14,9,"Indiana",15,0,6732219,0.00000223,0,2
2020-03-15,10,"Indiana",19,0,6732219,0.00000282,0,1.8
2020-03-16,11,"Indiana",24,1,6732219,0.00000356,0.00000015,1.65
2020-03-17,12,"Indiana",30,2,6732219,0.00000446,0.0000003,1.55
2020-03-18,13,"Indiana",39,2,6732219,0.00000579,0.0000003,1.475
2020-03-19,14,"Indiana",56,2,6732219,0.00000832,0.0000003,1.5
2020-03-20,15,"Indiana",79,3,6732219,0.00001173,0.00000045,1.5
2020-03-21,16,"Indiana",126,4,6732219,0.00001872,0.00000059,1.6
2020-03-22,17,"Indiana",201,6,6732219,0.00002986,0.00000089,1.675
2020-03-23,18,"Indiana",259,7,6732219,0.00003847,0.00000104,1.6
2020-03-24,19,"Indiana",366,12,6732219,0.00005437,0.00000178,1.6
2020-03-25,20,"Indiana",479,14,6732219,0.00007115,0.00000208,1.575
2020-03-26,21,"Indiana",656,18,6732219,0.00009744,0.00000267,1.55
2020-03-27,22,"Indiana",982,26,6732219,0.00014587,0.00000386,1.6
2020-03-28,23,"Indiana",1232,31,6732219,0.000183,0.0000046,1.55
2020-03-29,24,"Indiana",1514,32,6732219,0.00022489,0.00000475,1.5
2020-03-07,0,"Iowa",0,0,3155070,0,0,0.001
2020-03-08,1,"Iowa",3,0,3155070,0.00000095,0,0.001
2020-03-09,2,"Iowa",8,0,3155070,0.00000254,0,0.001
2020-03-10,3,"Iowa",13,0,3155070,0.00000412,0,20
2020-03-11,4,"Iowa",14,0,3155070,0.00000444,0,10.5
2020-03-12,5,"Iowa",16,0,3155070,0.00000507,0,4.9
2020-03-13,6,"Iowa",17,0,3155070,0.00000539,0,2.7
2020-03-14,7,"Iowa",18,0,3155070,0.00000571,0,1.75
2020-03-15,8,"Iowa",22,0,3155070,0.00000697,0,1.475
2020-03-16,9,"Iowa",22,0,3155070,0.00000697,0,1.075
2020-03-17,10,"Iowa",29,0,3155070,0.00000919,0,1.075
2020-03-18,11,"Iowa",38,0,3155070,0.00001204,0,1.075
2020-03-19,12,"Iowa",44,0,3155070,0.00001395,0,0.971
2020-03-20,13,"Iowa",45,0,3155070,0.00001426,0,0.825
2020-03-21,14,"Iowa",68,0,3155070,0.00002155,0,0.925
2020-03-22,15,"Iowa",90,0,3155070,0.00002853,0,0.943
2020-03-23,16,"Iowa",105,0,3155070,0.00003328,0,0.897
2020-03-24,17,"Iowa",124,1,3155070,0.0000393,0.00000032,0.865
2020-03-25,18,"Iowa",145,1,3155070,0.00004596,0.00000032,0.833
2020-03-26,19,"Iowa",179,1,3155070,0.00005673,0.00000032,0.827
2020-03-27,20,"Iowa",235,3,3155070,0.00007448,0.00000095,0.841
2020-03-28,21,"Iowa",298,3,3155070,0.00009445,0.00000095,0.843
2020-03-29,22,"Iowa",336,4,3155070,0.0001065,0.00000127,0.811
2020-03-06,0,"Kansas",0,0,2913314,0,0,0.001
2020-03-07,1,"Kansas",1,0,2913314,0.00000034,0,0.001
2020-03-08,2,"Kansas",1,0,2913314,0.00000034,0,0.001
2020-03-09,3,"Kansas",1,0,2913314,0.00000034,0,0.001
2020-03-10,4,"Kansas",1,0,2913314,0.00000034,0,0.001
2020-03-11,5,"Kansas",1,0,2913314,0.00000034,0,0.001
2020-03-12,6,"Kansas",5,1,2913314,0.00000172,0.00000034,2.35
2020-03-13,7,"Kansas",6,1,2913314,0.00000206,0.00000034,1.775
2020-03-14,8,"Kansas",8,1,2913314,0.00000275,0.00000034,1.625
2020-03-15,9,"Kansas",9,1,2913314,0.00000309,0.00000034,1.325
2020-03-16,10,"Kansas",11,1,2913314,0.00000378,0.00000034,1.2
2020-03-17,11,"Kansas",17,1,2913314,0.00000584,0.00000034,1.325
2020-03-18,12,"Kansas",22,1,2913314,0.00000755,0.00000034,1.275
2020-03-19,13,"Kansas",35,1,2913314,0.00001201,0.00000034,1.4
2020-03-20,14,"Kansas",49,1,2913314,0.00001682,0.00000034,1.425
2020-03-21,15,"Kansas",57,2,2913314,0.00001957,0.00000069,1.3
2020-03-22,16,"Kansas",66,2,2913314,0.00002265,0.00000069,1.225
2020-03-23,17,"Kansas",82,2,2913314,0.00002815,0.00000069,1.175
2020-03-24,18,"Kansas",99,3,2913314,0.00003398,0.00000103,1.125
2020-03-25,19,"Kansas",132,3,2913314,0.00004531,0.00000103,1.15
2020-03-26,20,"Kansas",171,3,2913314,0.0000587,0.00000103,1.125
2020-03-27,21,"Kansas",212,4,2913314,0.00007277,0.00000137,1.1
2020-03-28,22,"Kansas",271,6,2913314,0.00009302,0.00000206,1.1
2020-03-29,23,"Kansas",332,7,2913314,0.00011396,0.0000024,1.075
2020-03-05,0,"Kentucky",0,0,4467673,0,0,0.001
2020-03-06,1,"Kentucky",1,0,4467673,0.00000022,0,0.001
2020-03-07,2,"Kentucky",1,0,4467673,0.00000022,0,0.001
2020-03-08,3,"Kentucky",4,0,4467673,0.0000009,0,20
2020-03-09,4,"Kentucky",5,0,4467673,0.00000112,0,12
2020-03-10,5,"Kentucky",7,0,4467673,0.00000157,0,7
2020-03-11,6,"Kentucky",7,0,4467673,0.00000157,0,3.55
2020-03-12,7,"Kentucky",11,0,4467673,0.00000246,0,3.3
2020-03-13,8,"Kentucky",11,0,4467673,0.00000246,0,2.2
2020-03-14,9,"Kentucky",18,0,4467673,0.00000403,0,2.35
2020-03-15,10,"Kentucky",21,0,4467673,0.0000047,0,1.975
2020-03-16,11,"Kentucky",22,1,4467673,0.00000492,0.00000022,1.6
2020-03-17,12,"Kentucky",26,1,4467673,0.00000582,0.00000022,1.425
2020-03-18,13,"Kentucky",35,1,4467673,0.00000783,0.00000022,1.425
2020-03-19,14,"Kentucky",47,2,4467673,0.00001052,0.00000045,1.4
2020-03-20,15,"Kentucky",63,2,4467673,0.0000141,0.00000045,1.375
2020-03-21,16,"Kentucky",84,3,4467673,0.0000188,0.00000067,1.35
2020-03-22,17,"Kentucky",103,3,4467673,0.00002305,0.00000067,1.3
2020-03-23,18,"Kentucky",124,3,4467673,0.00002775,0.00000067,1.25
2020-03-24,19,"Kentucky",157,3,4467673,0.00003514,0.00000067,1.225
2020-03-25,20,"Kentucky",198,5,4467673,0.00004432,0.00000112,1.2
2020-03-26,21,"Kentucky",248,5,4467673,0.00005551,0.00000112,1.175
2020-03-27,22,"Kentucky",302,8,4467673,0.0000676,0.00000179,1.125
2020-03-28,23,"Kentucky",394,9,4467673,0.00008819,0.00000201,1.125
2020-03-29,24,"Kentucky",439,9,4467673,0.00009826,0.00000201,1.075
2020-03-08,0,"Louisiana",0,0,4648794,0,0,0.001
2020-03-09,1,"Louisiana",1,0,4648794,0.00000022,0,0.001
2020-03-10,2,"Louisiana",6,0,4648794,0.00000129,0,0.001
2020-03-11,3,"Louisiana",13,0,4648794,0.0000028,0,20
2020-03-12,4,"Louisiana",14,0,4648794,0.00000301,0,20
2020-03-13,5,"Louisiana",36,0,4648794,0.00000774,0,20
2020-03-14,6,"Louisiana",77,1,4648794,0.00001656,0.00000022,20
2020-03-15,7,"Louisiana",103,2,4648794,0.00002216,0.00000043,15
2020-03-16,8,"Louisiana",137,3,4648794,0.00002947,0.00000065,11
2020-03-17,9,"Louisiana",196,5,4648794,0.00004216,0.00000108,9
2020-03-18,10,"Louisiana",280,7,4648794,0.00006023,0.00000151,7.5
2020-03-19,11,"Louisiana",392,10,4648794,0.00008432,0.00000215,6.5
2020-03-20,12,"Louisiana",537,10,4648794,0.00011551,0.00000215,5.5
2020-03-21,13,"Louisiana",763,16,4648794,0.00016413,0.00000344,5
2020-03-22,14,"Louisiana",837,20,4648794,0.00018005,0.0000043,4.3
2020-03-23,15,"Louisiana",1172,34,4648794,0.00025211,0.00000731,4
2020-03-24,16,"Louisiana",1388,46,4648794,0.00029857,0.0000099,3.6
2020-03-25,17,"Louisiana",1795,65,4648794,0.00038612,0.00001398,3.35
2020-03-26,18,"Louisiana",2305,83,4648794,0.00049583,0.00001785,3.1
2020-03-27,19,"Louisiana",2746,119,4648794,0.00059069,0.0000256,2.85
2020-03-28,20,"Louisiana",3315,137,4648794,0.00071309,0.00002947,2.7
2020-03-29,21,"Louisiana",3540,152,4648794,0.00076149,0.0000327,2.45
2020-03-11,0,"Maine",0,0,1344212,0,0,0.001
2020-03-12,1,"Maine",1,0,1344212,0.00000074,0,0.001
2020-03-13,2,"Maine",2,0,1344212,0.00000149,0,0.001
2020-03-14,3,"Maine",3,0,1344212,0.00000223,0,20
2020-03-15,4,"Maine",12,0,1344212,0.00000893,0,20
2020-03-16,5,"Maine",17,0,1344212,0.00001265,0,16
2020-03-17,6,"Maine",32,0,1344212,0.00002381,0,13
2020-03-18,7,"Maine",43,0,1344212,0.00003199,0,9
2020-03-19,8,"Maine",52,0,1344212,0.00003868,0,6.5
2020-03-20,9,"Maine",57,0,1344212,0.0000424,0,4.8
2020-03-21,10,"Maine",70,0,1344212,0.00005208,0,3.95
2020-03-22,11,"Maine",89,0,1344212,0.00006621,0,3.4
2020-03-23,12,"Maine",107,0,1344212,0.0000796,0,2.95
2020-03-24,13,"Maine",118,0,1344212,0.00008778,0,2.55
2020-03-25,14,"Maine",142,0,1344212,0.00010564,0,2.3
2020-03-26,15,"Maine",155,0,1344212,0.00011531,0,2
2020-03-27,16,"Maine",168,1,1344212,0.00012498,0.00000074,1.8
2020-03-28,17,"Maine",211,1,1344212,0.00015697,0.00000074,1.7
2020-03-29,18,"Maine",253,3,1344212,0.00018821,0.00000223,1.6
2020-03-04,0,"Maryland",0,0,6045680,0,0,0.001
2020-03-05,1,"Maryland",3,0,6045680,0.0000005,0,0.001
2020-03-06,2,"Maryland",3,0,6045680,0.0000005,0,0.001
2020-03-07,3,"Maryland",3,0,6045680,0.0000005,0,0.001
2020-03-08,4,"Maryland",5,0,6045680,0.00000083,0,0.901
2020-03-09,5,"Maryland",6,0,6045680,0.00000099,0,0.581
2020-03-10,6,"Maryland",9,0,6045680,0.00000149,0,0.961
2020-03-11,7,"Maryland",13,0,6045680,0.00000215,0,1.125
2020-03-12,8,"Maryland",13,0,6045680,0.00000215,0,0.745
2020-03-13,9,"Maryland",18,0,6045680,0.00000298,0,0.845
2020-03-14,10,"Maryland",27,0,6045680,0.00000447,0,0.993
2020-03-15,11,"Maryland",32,0,6045680,0.00000529,0,0.915
2020-03-16,12,"Maryland",39,0,6045680,0.00000645,0,0.881
2020-03-17,13,"Maryland",57,0,6045680,0.00000943,0,0.967
2020-03-18,14,"Maryland",85,1,6045680,0.00001406,0.00000017,1.05
2020-03-19,15,"Maryland",108,1,6045680,0.00001786,0.00000017,1.025
2020-03-20,16,"Maryland",150,2,6045680,0.00002481,0.00000033,1.075
2020-03-21,17,"Maryland",195,3,6045680,0.00003225,0.0000005,1.05
2020-03-22,18,"Maryland",245,3,6045680,0.00004052,0.0000005,1.05
2020-03-23,19,"Maryland",290,3,6045680,0.00004797,0.0000005,1
2020-03-24,20,"Maryland",349,4,6045680,0.00005773,0.00000066,0.977
2020-03-25,21,"Maryland",423,4,6045680,0.00006997,0.00000066,0.957
2020-03-26,22,"Maryland",581,4,6045680,0.0000961,0.00000066,0.977
2020-03-27,23,"Maryland",775,5,6045680,0.00012819,0.00000083,0.987
2020-03-28,24,"Maryland",1066,10,6045680,0.00017632,0.00000165,1
2020-03-29,25,"Maryland",1244,11,6045680,0.00020577,0.00000182,0.977
2020-01-31,0,"Massachusetts",0,0,6892503,0,0,0.001
2020-02-01,1,"Massachusetts",1,0,6892503,0.00000015,0,0.001
2020-02-02,2,"Massachusetts",1,0,6892503,0.00000015,0,0.001
2020-02-03,3,"Massachusetts",1,0,6892503,0.00000015,0,0.001
2020-02-04,4,"Massachusetts",1,0,6892503,0.00000015,0,0.001
2020-02-05,5,"Massachusetts",1,0,6892503,0.00000015,0,0.001
2020-02-06,6,"Massachusetts",1,0,6892503,0.00000015,0,0.001
2020-02-07,7,"Massachusetts",1,0,6892503,0.00000015,0,0.001
2020-02-08,8,"Massachusetts",1,0,6892503,0.00000015,0,0.001
2020-02-09,9,"Massachusetts",1,0,6892503,0.00000015,0,0.001
2020-02-10,10,"Massachusetts",1,0,6892503,0.00000015,0,0.001
2020-02-11,11,"Massachusetts",1,0,6892503,0.00000015,0,0.001
2020-02-12,12,"Massachusetts",1,0,6892503,0.00000015,0,0.001
2020-02-13,13,"Massachusetts",1,0,6892503,0.00000015,0,0.001
2020-02-14,14,"Massachusetts",1,0,6892503,0.00000015,0,0.001
2020-02-15,15,"Massachusetts",1,0,6892503,0.00000015,0,0.001
2020-02-16,16,"Massachusetts",1,0,6892503,0.00000015,0,0.001
2020-02-17,17,"Massachusetts",1,0,6892503,0.00000015,0,0.001
2020-02-18,18,"Massachusetts",1,0,6892503,0.00000015,0,0.001
2020-02-19,19,"Massachusetts",1,0,6892503,0.00000015,0,0.001
2020-02-20,20,"Massachusetts",1,0,6892503,0.00000015,0,0.001
2020-02-21,21,"Massachusetts",1,0,6892503,0.00000015,0,0.001
2020-02-22,22,"Massachusetts",1,0,6892503,0.00000015,0,0.001
2020-02-23,23,"Massachusetts",1,0,6892503,0.00000015,0,0.001
2020-02-24,24,"Massachusetts",1,0,6892503,0.00000015,0,0.001
2020-02-25,25,"Massachusetts",1,0,6892503,0.00000015,0,0.001
2020-02-26,26,"Massachusetts",1,0,6892503,0.00000015,0,0.001
2020-02-27,27,"Massachusetts",1,0,6892503,0.00000015,0,0.001
2020-02-28,28,"Massachusetts",1,0,6892503,0.00000015,0,0.001
2020-02-29,29,"Massachusetts",1,0,6892503,0.00000015,0,0.001
2020-03-01,30,"Massachusetts",1,0,6892503,0.00000015,0,0.001
2020-03-02,31,"Massachusetts",2,0,6892503,0.00000029,0,0.001
2020-03-03,32,"Massachusetts",2,0,6892503,0.00000029,0,0.001
2020-03-04,33,"Massachusetts",2,0,6892503,0.00000029,0,0.001
2020-03-05,34,"Massachusetts",3,0,6892503,0.00000044,0,0.021
2020-03-06,35,"Massachusetts",8,0,6892503,0.00000116,0,0.115
2020-03-07,36,"Massachusetts",13,0,6892503,0.00000189,0,0.157
2020-03-08,37,"Massachusetts",28,0,6892503,0.00000406,0,0.223
2020-03-09,38,"Massachusetts",41,0,6892503,0.00000595,0,0.251
2020-03-10,39,"Massachusetts",92,0,6892503,0.00001335,0,0.319
2020-03-11,40,"Massachusetts",95,0,6892503,0.00001378,0,0.313
2020-03-12,41,"Massachusetts",108,0,6892503,0.00001567,0,0.315
2020-03-13,42,"Massachusetts",123,0,6892503,0.00001785,0,0.317
2020-03-14,43,"Massachusetts",138,0,6892503,0.00002002,0,0.319
2020-03-15,44,"Massachusetts",164,0,6892503,0.00002379,0,0.325
2020-03-16,45,"Massachusetts",197,0,6892503,0.00002858,0,0.331
2020-03-17,46,"Massachusetts",218,0,6892503,0.00003163,0,0.331
2020-03-18,47,"Massachusetts",256,0,6892503,0.00003714,0,0.335
2020-03-19,48,"Massachusetts",328,0,6892503,0.00004759,0,0.347
2020-03-20,49,"Massachusetts",413,1,6892503,0.00005992,0.00000015,0.355
2020-03-21,50,"Massachusetts",525,2,6892503,0.00007617,0.00000029,0.365
2020-03-22,51,"Massachusetts",646,5,6892503,0.00009373,0.00000073,0.371
2020-03-23,52,"Massachusetts",777,5,6892503,0.00011273,0.00000073,0.377
2020-03-24,53,"Massachusetts",1159,11,6892503,0.00016815,0.0000016,0.397
2020-03-25,54,"Massachusetts",1838,15,6892503,0.00026667,0.00000218,0.421
2020-03-26,55,"Massachusetts",2417,25,6892503,0.00035067,0.00000363,0.431
2020-03-27,56,"Massachusetts",3240,35,6892503,0.00047008,0.00000508,0.443
2020-03-28,57,"Massachusetts",4257,44,6892503,0.00061763,0.00000638,0.451
2020-03-29,58,"Massachusetts",4955,48,6892503,0.0007189,0.00000696,0.453
2020-03-09,0,"Michigan",0,0,9986857,0,0,0.001
2020-03-10,1,"Michigan",2,0,9986857,0.0000002,0,0.001
2020-03-11,2,"Michigan",2,0,9986857,0.0000002,0,0.001
2020-03-12,3,"Michigan",12,0,9986857,0.0000012,0,20
2020-03-13,4,"Michigan",25,0,9986857,0.0000025,0,20
2020-03-14,5,"Michigan",33,0,9986857,0.0000033,0,15.5
2020-03-15,6,"Michigan",53,0,9986857,0.00000531,0,11
2020-03-16,7,"Michigan",54,0,9986857,0.00000541,0,6.5
2020-03-17,8,"Michigan",65,0,9986857,0.00000651,0,4.9
2020-03-18,9,"Michigan",80,1,9986857,0.00000801,0.0000001,3.9
2020-03-19,10,"Michigan",334,3,9986857,0.00003344,0.0000003,6
2020-03-20,11,"Michigan",548,4,9986857,0.00005487,0.0000004,5.5
2020-03-21,12,"Michigan",787,6,9986857,0.0000788,0.0000006,5
2020-03-22,13,"Michigan",1033,9,9986857,0.00010344,0.0000009,4.5
2020-03-23,14,"Michigan",1324,16,9986857,0.00013257,0.0000016,4
2020-03-24,15,"Michigan",1791,24,9986857,0.00017934,0.0000024,3.7
2020-03-25,16,"Michigan",2294,43,9986857,0.0002297,0.00000431,3.4
2020-03-26,17,"Michigan",2878,63,9986857,0.00028818,0.00000631,3.15
2020-03-27,18,"Michigan",3657,93,9986857,0.00036618,0.00000931,2.95
2020-03-28,19,"Michigan",4635,111,9986857,0.00046411,0.00001111,2.75
2020-03-29,20,"Michigan",5486,132,9986857,0.00054932,0.00001322,2.55
2020-03-05,0,"Minnesota",0,0,5639632,0,0,0.001
2020-03-06,1,"Minnesota",1,0,5639632,0.00000018,0,0.001
2020-03-07,2,"Minnesota",1,0,5639632,0.00000018,0,0.001
2020-03-08,3,"Minnesota",2,0,5639632,0.00000035,0,9
2020-03-09,4,"Minnesota",2,0,5639632,0.00000035,0,1.825
2020-03-10,5,"Minnesota",3,0,5639632,0.00000053,0,1.9
2020-03-11,6,"Minnesota",5,0,5639632,0.00000089,0,2.25
2020-03-12,7,"Minnesota",9,0,5639632,0.0000016,0,2.7
2020-03-13,8,"Minnesota",14,0,5639632,0.00000248,0,2.65
2020-03-14,9,"Minnesota",21,0,5639632,0.00000372,0,2.55
2020-03-15,10,"Minnesota",35,0,5639632,0.00000621,0,2.65
2020-03-16,11,"Minnesota",54,0,5639632,0.00000958,0,2.65
2020-03-17,12,"Minnesota",60,0,5639632,0.00001064,0,2.25
2020-03-18,13,"Minnesota",77,0,5639632,0.00001365,0,2.05
2020-03-19,14,"Minnesota",89,0,5639632,0.00001578,0,1.85
2020-03-20,15,"Minnesota",115,0,5639632,0.00002039,0,1.775
2020-03-21,16,"Minnesota",138,1,5639632,0.00002447,0.00000018,1.65
2020-03-22,17,"Minnesota",171,1,5639632,0.00003032,0.00000018,1.575
2020-03-23,18,"Minnesota",235,1,5639632,0.00004167,0.00000018,1.55
2020-03-24,19,"Minnesota",262,1,5639632,0.00004646,0.00000018,1.45
2020-03-25,20,"Minnesota",287,1,5639632,0.00005089,0.00000018,1.325
2020-03-26,21,"Minnesota",346,2,5639632,0.00006135,0.00000035,1.275
2020-03-27,22,"Minnesota",398,4,5639632,0.00007057,0.00000071,1.225
2020-03-28,23,"Minnesota",441,5,5639632,0.0000782,0.00000089,1.15
2020-03-29,24,"Minnesota",504,9,5639632,0.00008937,0.0000016,1.1
2020-03-10,0,"Mississippi",0,0,2976149,0,0,0.001
2020-03-11,1,"Mississippi",1,0,2976149,0.00000034,0,0.001
2020-03-12,2,"Mississippi",1,0,2976149,0.00000034,0,0.001
2020-03-13,3,"Mississippi",6,0,2976149,0.00000202,0,20
2020-03-14,4,"Mississippi",6,0,2976149,0.00000202,0,14.5
2020-03-15,5,"Mississippi",10,0,2976149,0.00000336,0,9.5
2020-03-16,6,"Mississippi",12,0,2976149,0.00000403,0,6
2020-03-17,7,"Mississippi",21,0,2976149,0.00000706,0,5.5
2020-03-18,8,"Mississippi",34,0,2976149,0.00001142,0,4.95
2020-03-19,9,"Mississippi",50,1,2976149,0.0000168,0.00000034,4.4
2020-03-20,10,"Mississippi",80,1,2976149,0.00002688,0.00000034,4.2
2020-03-21,11,"Mississippi",140,1,2976149,0.00004704,0.00000034,4.2
2020-03-22,12,"Mississippi",207,1,2976149,0.00006955,0.00000034,3.9
2020-03-23,13,"Mississippi",249,1,2976149,0.00008367,0.00000034,3.4
2020-03-24,14,"Mississippi",320,1,2976149,0.00010752,0.00000034,3.1
2020-03-25,15,"Mississippi",377,5,2976149,0.00012667,0.00000168,2.8
2020-03-26,16,"Mississippi",487,6,2976149,0.00016363,0.00000202,2.6
2020-03-27,17,"Mississippi",579,8,2976149,0.00019455,0.00000269,2.4
2020-03-28,18,"Mississippi",669,13,2976149,0.00022479,0.00000437,2.2
2020-03-29,19,"Mississippi",759,14,2976149,0.00025503,0.0000047,2
2020-03-06,0,"Missouri",0,0,6137428,0,0,0.001
2020-03-07,1,"Missouri",1,0,6137428,0.00000016,0,0.001
2020-03-08,2,"Missouri",1,0,6137428,0.00000016,0,0.001
2020-03-09,3,"Missouri",1,0,6137428,0.00000016,0,0.001
2020-03-10,4,"Missouri",1,0,6137428,0.00000016,0,0.001
2020-03-11,5,"Missouri",1,0,6137428,0.00000016,0,0.001
2020-03-12,6,"Missouri",2,0,6137428,0.00000033,0,0.267
2020-03-13,7,"Missouri",4,0,6137428,0.00000065,0,1.025
2020-03-14,8,"Missouri",5,0,6137428,0.00000081,0,0.947
2020-03-15,9,"Missouri",5,0,6137428,0.00000081,0,0.683
2020-03-16,10,"Missouri",9,0,6137428,0.00000147,0,1.025
2020-03-17,11,"Missouri",16,0,6137428,0.00000261,0,1.275
2020-03-18,12,"Missouri",21,1,6137428,0.00000342,0.00000016,1.25
2020-03-19,13,"Missouri",35,1,6137428,0.0000057,0.00000016,1.425
2020-03-20,14,"Missouri",73,3,6137428,0.00001189,0.00000049,1.725
2020-03-21,15,"Missouri",93,3,6137428,0.00001515,0.00000049,1.65
2020-03-22,16,"Missouri",130,3,6137428,0.00002118,0.00000049,1.625
2020-03-23,17,"Missouri",183,4,6137428,0.00002982,0.00000065,1.625
2020-03-24,18,"Missouri",255,5,6137428,0.00004155,0.00000081,1.625
2020-03-25,19,"Missouri",377,8,6137428,0.00006143,0.0000013,1.65
2020-03-26,20,"Missouri",507,8,6137428,0.00008261,0.0000013,1.625
2020-03-27,21,"Missouri",671,9,6137428,0.00010933,0.00000147,1.575
2020-03-28,22,"Missouri",838,10,6137428,0.00013654,0.00000163,1.525
2020-03-29,23,"Missouri",903,12,6137428,0.00014713,0.00000196,1.425
2020-03-12,0,"Montana",0,0,1068778,0,0,0.001
2020-03-13,1,"Montana",4,0,1068778,0.00000374,0,0.001
2020-03-14,2,"Montana",6,0,1068778,0.00000561,0,0.001
2020-03-15,3,"Montana",6,0,1068778,0.00000561,0,4.1
2020-03-16,4,"Montana",8,0,1068778,0.00000749,0,2
2020-03-17,5,"Montana",8,0,1068778,0.00000749,0,0.613
2020-03-18,6,"Montana",12,0,1068778,0.00001123,0,0.977
2020-03-19,7,"Montana",19,0,1068778,0.00001778,0,1.3
2020-03-20,8,"Montana",19,0,1068778,0.00001778,0,0.867
2020-03-21,9,"Montana",29,0,1068778,0.00002713,0,1.05
2020-03-22,10,"Montana",34,0,1068778,0.00003181,0,0.945
2020-03-23,11,"Montana",45,0,1068778,0.0000421,0,0.965
2020-03-24,12,"Montana",51,0,1068778,0.00004772,0,0.873
2020-03-25,13,"Montana",65,0,1068778,0.00006082,0,0.873
2020-03-26,14,"Montana",90,0,1068778,0.00008421,0,0.921
2020-03-27,15,"Montana",121,1,1068778,0.00011321,0.00000094,0.947
2020-03-28,16,"Montana",147,1,1068778,0.00013754,0.00000094,0.919
2020-03-29,17,"Montana",161,1,1068778,0.00015064,0.00000094,0.853
2020-02-16,0,"Nebraska",0,0,1934408,0,0,0.001
2020-02-17,1,"Nebraska",10,0,1934408,0.00000517,0,0.001
2020-02-18,2,"Nebraska",10,0,1934408,0.00000517,0,0.001
2020-02-19,3,"Nebraska",10,0,1934408,0.00000517,0,0.001
2020-02-20,4,"Nebraska",11,0,1934408,0.00000569,0,0.001
2020-02-21,5,"Nebraska",11,0,1934408,0.00000569,0,0.001
2020-02-22,6,"Nebraska",11,0,1934408,0.00000569,0,0.001
2020-02-23,7,"Nebraska",11,0,1934408,0.00000569,0,0.001
2020-02-24,8,"Nebraska",12,0,1934408,0.0000062,0,0.001
2020-02-25,9,"Nebraska",13,0,1934408,0.00000672,0,0.001
2020-02-26,10,"Nebraska",13,0,1934408,0.00000672,0,0.001
2020-02-27,11,"Nebraska",13,0,1934408,0.00000672,0,0.001
2020-02-28,12,"Nebraska",13,0,1934408,0.00000672,0,0.001
2020-02-29,13,"Nebraska",13,0,1934408,0.00000672,0,0.001
2020-03-01,14,"Nebraska",13,0,1934408,0.00000672,0,0.001
2020-03-02,15,"Nebraska",13,0,1934408,0.00000672,0,0.001
2020-03-03,16,"Nebraska",13,0,1934408,0.00000672,0,0.001
2020-03-04,17,"Nebraska",13,0,1934408,0.00000672,0,0.001
2020-03-05,18,"Nebraska",13,0,1934408,0.00000672,0,0.001
2020-03-06,19,"Nebraska",14,0,1934408,0.00000724,0,0.001
2020-03-07,20,"Nebraska",14,0,1934408,0.00000724,0,0.001
2020-03-08,21,"Nebraska",16,0,1934408,0.00000827,0,0.001
2020-03-09,22,"Nebraska",16,0,1934408,0.00000827,0,0.001
2020-03-10,23,"Nebraska",17,0,1934408,0.00000879,0,0.001
2020-03-11,24,"Nebraska",23,0,1934408,0.00001189,0,0.001
2020-03-12,25,"Nebraska",24,0,1934408,0.00001241,0,0.001
2020-03-13,26,"Nebraska",27,0,1934408,0.00001396,0,0.015
2020-03-14,27,"Nebraska",29,0,1934408,0.00001499,0,0.025
2020-03-15,28,"Nebraska",31,0,1934408,0.00001603,0,0.031
2020-03-16,29,"Nebraska",33,0,1934408,0.00001706,0,0.039
2020-03-17,30,"Nebraska",36,0,1934408,0.00001861,0,0.047
2020-03-18,31,"Nebraska",43,0,1934408,0.00002223,0,0.065
2020-03-19,32,"Nebraska",47,0,1934408,0.0000243,0,0.073
2020-03-20,33,"Nebraska",53,0,1934408,0.0000274,0,0.083
2020-03-21,34,"Nebraska",61,0,1934408,0.00003153,0,0.095
2020-03-22,35,"Nebraska",62,0,1934408,0.00003205,0,0.095
2020-03-23,36,"Nebraska",73,0,1934408,0.00003774,0,0.107
2020-03-24,37,"Nebraska",77,0,1934408,0.00003981,0,0.109
2020-03-25,38,"Nebraska",84,0,1934408,0.00004342,0,0.115
2020-03-26,39,"Nebraska",92,0,1934408,0.00004756,0,0.121
2020-03-27,40,"Nebraska",100,2,1934408,0.0000517,0.00000103,0.125
2020-03-28,41,"Nebraska",122,2,1934408,0.00006307,0.00000103,0.137
2020-03-29,42,"Nebraska",137,2,1934408,0.00007082,0.00000103,0.145
2020-03-04,0,"Nevada",0,0,3080156,0,0,0.001
2020-03-05,1,"Nevada",2,0,3080156,0.00000065,0,0.001
2020-03-06,2,"Nevada",2,0,3080156,0.00000065,0,0.001
2020-03-07,3,"Nevada",2,0,3080156,0.00000065,0,0.001
2020-03-08,4,"Nevada",4,0,3080156,0.0000013,0,2
2020-03-09,5,"Nevada",4,0,3080156,0.0000013,0,0.609
2020-03-10,6,"Nevada",4,0,3080156,0.0000013,0,0.217
2020-03-11,7,"Nevada",7,0,3080156,0.00000227,0,0.781
2020-03-12,8,"Nevada",11,0,3080156,0.00000357,0,1.05
2020-03-13,9,"Nevada",19,0,3080156,0.00000617,0,1.375
2020-03-14,10,"Nevada",21,0,3080156,0.00000682,0,1.15
2020-03-15,11,"Nevada",26,0,3080156,0.00000844,0,1.075
2020-03-16,12,"Nevada",45,1,3080156,0.00001461,0.00000032,1.3
2020-03-17,13,"Nevada",55,1,3080156,0.00001786,0.00000032,1.225
2020-03-18,14,"Nevada",82,1,3080156,0.00002662,0.00000032,1.3
2020-03-19,15,"Nevada",99,1,3080156,0.00003214,0.00000032,1.225
2020-03-20,16,"Nevada",165,2,3080156,0.00005357,0.00000065,1.35
2020-03-21,17,"Nevada",165,2,3080156,0.00005357,0.00000065,1.175
2020-03-22,18,"Nevada",190,2,3080156,0.00006169,0.00000065,1.125
2020-03-23,19,"Nevada",265,4,3080156,0.00008603,0.0000013,1.125
2020-03-24,20,"Nevada",315,6,3080156,0.00010227,0.00000195,1.1
2020-03-25,21,"Nevada",405,10,3080156,0.00013149,0.00000325,1.075
2020-03-26,22,"Nevada",535,10,3080156,0.00017369,0.00000325,1.1
2020-03-27,23,"Nevada",621,10,3080156,0.00020161,0.00000325,1.05
2020-03-28,24,"Nevada",738,14,3080156,0.0002396,0.00000455,1.025
2020-03-29,25,"Nevada",920,15,3080156,0.00029869,0.00000487,1
2020-03-01,0,"New Hampshire",0,0,1359711,0,0,0.001
2020-03-02,1,"New Hampshire",1,0,1359711,0.00000074,0,0.001
2020-03-03,2,"New Hampshire",2,0,1359711,0.00000147,0,0.001
2020-03-04,3,"New Hampshire",2,0,1359711,0.00000147,0,9.5
2020-03-05,4,"New Hampshire",2,0,1359711,0.00000147,0,1.95
2020-03-06,5,"New Hampshire",2,0,1359711,0.00000147,0,0.591
2020-03-07,6,"New Hampshire",4,0,1359711,0.00000294,0,1.65
2020-03-08,7,"New Hampshire",4,0,1359711,0.00000294,0,0.985
2020-03-09,8,"New Hampshire",4,0,1359711,0.00000294,0,0.653
2020-03-10,9,"New Hampshire",5,0,1359711,0.00000368,0,0.667
2020-03-11,10,"New Hampshire",5,0,1359711,0.00000368,0,0.507
2020-03-12,11,"New Hampshire",6,0,1359711,0.00000441,0,0.511
2020-03-13,12,"New Hampshire",7,0,1359711,0.00000515,0,0.503
2020-03-14,13,"New Hampshire",7,0,1359711,0.00000515,0,0.423
2020-03-15,14,"New Hampshire",13,0,1359711,0.00000956,0,0.633
2020-03-16,15,"New Hampshire",17,0,1359711,0.0000125,0,0.665
2020-03-17,16,"New Hampshire",26,0,1359711,0.00001912,0,0.761
2020-03-18,17,"New Hampshire",39,0,1359711,0.00002868,0,0.837
2020-03-19,18,"New Hampshire",44,0,1359711,0.00003236,0,0.795
2020-03-20,19,"New Hampshire",55,0,1359711,0.00004045,0,0.795
2020-03-21,20,"New Hampshire",65,0,1359711,0.0000478,0,0.777
2020-03-22,21,"New Hampshire",78,0,1359711,0.00005737,0,0.765
2020-03-23,22,"New Hampshire",101,1,1359711,0.00007428,0.00000074,0.777
2020-03-24,23,"New Hampshire",108,1,1359711,0.00007943,0.00000074,0.737
2020-03-25,24,"New Hampshire",137,1,1359711,0.00010076,0.00000074,0.743
2020-03-26,25,"New Hampshire",158,1,1359711,0.0001162,0.00000074,0.727
2020-03-27,26,"New Hampshire",187,2,1359711,0.00013753,0.00000147,0.719
2020-03-28,27,"New Hampshire",214,2,1359711,0.00015739,0.00000147,0.703
2020-03-29,28,"New Hampshire",258,3,1359711,0.00018975,0.00000221,0.699
2020-03-03,0,"New Jersey",0,0,8882190,0,0,0.001
2020-03-04,1,"New Jersey",1,0,8882190,0.00000011,0,0.001
2020-03-05,2,"New Jersey",2,0,8882190,0.00000023,0,0.001
2020-03-06,3,"New Jersey",4,0,8882190,0.00000045,0,20
2020-03-07,4,"New Jersey",4,0,8882190,0.00000045,0,8.5
2020-03-08,5,"New Jersey",6,0,8882190,0.00000068,0,6
2020-03-09,6,"New Jersey",11,0,8882190,0.00000124,0,5.5
2020-03-10,7,"New Jersey",15,1,8882190,0.00000169,0.00000011,4.35
2020-03-11,8,"New Jersey",23,1,8882190,0.00000259,0.00000011,3.95
2020-03-12,9,"New Jersey",29,1,8882190,0.00000326,0.00000011,3.25
2020-03-13,10,"New Jersey",50,1,8882190,0.00000563,0.00000011,3.35
2020-03-14,11,"New Jersey",75,2,8882190,0.00000844,0.00000023,3.15
2020-03-15,12,"New Jersey",98,2,8882190,0.00001103,0.00000023,2.85
2020-03-16,13,"New Jersey",176,3,8882190,0.00001981,0.00000034,3
2020-03-17,14,"New Jersey",268,3,8882190,0.00003017,0.00000034,2.95
2020-03-18,15,"New Jersey",427,5,8882190,0.00004807,0.00000056,2.95
2020-03-19,16,"New Jersey",735,9,8882190,0.00008275,0.00000101,3
2020-03-20,17,"New Jersey",896,11,8882190,0.00010088,0.00000124,2.75
2020-03-21,18,"New Jersey",1336,16,8882190,0.00015041,0.0000018,2.7
2020-03-22,19,"New Jersey",1914,20,8882190,0.00021549,0.00000225,2.65
2020-03-23,20,"New Jersey",2844,27,8882190,0.00032019,0.00000304,2.6
2020-03-24,21,"New Jersey",3675,44,8882190,0.00041375,0.00000495,2.5
2020-03-25,22,"New Jersey",4402,62,8882190,0.0004956,0.00000698,2.35
2020-03-26,23,"New Jersey",6876,81,8882190,0.00077413,0.00000912,2.35
2020-03-27,24,"New Jersey",8825,108,8882190,0.00099356,0.00001216,2.25
2020-03-28,25,"New Jersey",11124,140,8882190,0.00125239,0.00001576,2.2
2020-03-29,26,"New Jersey",13386,161,8882190,0.00150706,0.00001813,2.1
2020-03-10,0,"New Mexico",0,0,2096829,0,0,0.001
2020-03-11,1,"New Mexico",4,0,2096829,0.00000191,0,0.001
2020-03-12,2,"New Mexico",6,0,2096829,0.00000286,0,0.001
2020-03-13,3,"New Mexico",10,0,2096829,0.00000477,0,15.5
2020-03-14,4,"New Mexico",13,0,2096829,0.0000062,0,6
2020-03-15,5,"New Mexico",17,0,2096829,0.00000811,0,3.55
2020-03-16,6,"New Mexico",21,0,2096829,0.00001002,0,2.45
2020-03-17,7,"New Mexico",23,0,2096829,0.00001097,0,1.675
2020-03-18,8,"New Mexico",28,0,2096829,0.00001335,0,1.4
2020-03-19,9,"New Mexico",35,0,2096829,0.00001669,0,1.275
2020-03-20,10,"New Mexico",43,0,2096829,0.00002051,0,1.175
2020-03-21,11,"New Mexico",57,0,2096829,0.00002718,0,1.15
2020-03-22,12,"New Mexico",65,0,2096829,0.000031,0,1.05
2020-03-23,13,"New Mexico",83,0,2096829,0.00003958,0,1.025
2020-03-24,14,"New Mexico",100,0,2096829,0.00004769,0,0.981
2020-03-25,15,"New Mexico",112,1,2096829,0.00005341,0.00000048,0.905
2020-03-26,16,"New Mexico",136,1,2096829,0.00006486,0.00000048,0.883
2020-03-27,17,"New Mexico",191,1,2096829,0.00009109,0.00000048,0.925
2020-03-28,18,"New Mexico",208,2,2096829,0.0000992,0.00000095,0.861
2020-03-29,19,"New Mexico",237,2,2096829,0.00011303,0.00000095,0.823
2020-02-29,0,"New York",0,0,19453561,0,0,0.001
2020-03-01,1,"New York",1,0,19453561,0.00000005,0,0.001
2020-03-02,2,"New York",1,0,19453561,0.00000005,0,0.001
2020-03-03,3,"New York",2,0,19453561,0.0000001,0,9.5
2020-03-04,4,"New York",11,0,19453561,0.00000057,0,20
2020-03-05,5,"New York",22,0,19453561,0.00000113,0,20
2020-03-06,6,"New York",44,0,19453561,0.00000226,0,16.5
2020-03-07,7,"New York",89,0,19453561,0.00000457,0,14
2020-03-08,8,"New York",106,0,19453561,0.00000545,0,9.5
2020-03-09,9,"New York",142,0,19453561,0.0000073,0,7.5
2020-03-10,10,"New York",173,0,19453561,0.00000889,0,6
2020-03-11,11,"New York",217,0,19453561,0.00001115,0,5
2020-03-12,12,"New York",326,0,19453561,0.00001676,0,4.75
2020-03-13,13,"New York",421,0,19453561,0.00002164,0,4.2
2020-03-14,14,"New York",610,2,19453561,0.00003136,0.0000001,3.95
2020-03-15,15,"New York",732,6,19453561,0.00003763,0.00000031,3.5
2020-03-16,16,"New York",950,10,19453561,0.00004883,0.00000051,3.25
2020-03-17,17,"New York",1374,17,19453561,0.00007063,0.00000087,3.15
2020-03-18,18,"New York",2382,27,19453561,0.00012245,0.00000139,3.2
2020-03-19,19,"New York",4152,30,19453561,0.00021343,0.00000154,3.25
2020-03-20,20,"New York",7102,57,19453561,0.00036507,0.00000293,3.25
2020-03-21,21,"New York",10356,80,19453561,0.00053234,0.00000411,3.2
2020-03-22,22,"New York",15168,122,19453561,0.0007797,0.00000627,3.1
2020-03-23,23,"New York",20875,159,19453561,0.00107307,0.00000817,3
2020-03-24,24,"New York",25665,218,19453561,0.0013193,0.00001121,2.85
2020-03-25,25,"New York",33066,325,19453561,0.00169974,0.00001671,2.7
2020-03-26,26,"New York",38987,432,19453561,0.00200411,0.00002221,2.6
2020-03-27,27,"New York",44635,535,19453561,0.00229444,0.0000275,2.45
2020-03-28,28,"New York",53363,782,19453561,0.0027431,0.0000402,2.35
2020-03-29,29,"New York",59568,965,19453561,0.00306206,0.00004961,2.2
2020-03-02,0,"North Carolina",0,0,10488084,0,0,0.001
2020-03-03,1,"North Carolina",1,0,10488084,0.0000001,0,0.001
2020-03-04,2,"North Carolina",1,0,10488084,0.0000001,0,0.001
2020-03-05,3,"North Carolina",1,0,10488084,0.0000001,0,0.001
2020-03-06,4,"North Carolina",2,0,10488084,0.00000019,0,1.675
2020-03-07,5,"North Carolina",2,0,10488084,0.00000019,0,0.467
2020-03-08,6,"North Carolina",2,0,10488084,0.00000019,0,0.135
2020-03-09,7,"North Carolina",7,0,10488084,0.00000067,0,2
2020-03-10,8,"North Carolina",7,0,10488084,0.00000067,0,1.35
2020-03-11,9,"North Carolina",8,0,10488084,0.00000076,0,1.1
2020-03-12,10,"North Carolina",16,0,10488084,0.00000153,0,1.55
2020-03-13,11,"North Carolina",18,0,10488084,0.00000172,0,1.325
2020-03-14,12,"North Carolina",25,0,10488084,0.00000238,0,1.35
2020-03-15,13,"North Carolina",32,0,10488084,0.00000305,0,1.3
2020-03-16,14,"North Carolina",34,0,10488084,0.00000324,0,1.125
2020-03-17,15,"North Carolina",42,0,10488084,0.000004,0,1.1
2020-03-18,16,"North Carolina",66,0,10488084,0.00000629,0,1.2
2020-03-19,17,"North Carolina",104,0,10488084,0.00000992,0,1.275
2020-03-20,18,"North Carolina",144,0,10488084,0.00001373,0,1.275
2020-03-21,19,"North Carolina",184,0,10488084,0.00001754,0,1.25
2020-03-22,20,"North Carolina",269,0,10488084,0.00002565,0,1.3
2020-03-23,21,"North Carolina",303,0,10488084,0.00002889,0,1.225
2020-03-24,22,"North Carolina",399,0,10488084,0.00003804,0,1.225
2020-03-25,23,"North Carolina",563,1,10488084,0.00005368,0.0000001,1.225
2020-03-26,24,"North Carolina",638,2,10488084,0.00006083,0.00000019,1.175
2020-03-27,25,"North Carolina",783,3,10488084,0.00007466,0.00000029,1.15
2020-03-28,26,"North Carolina",972,4,10488084,0.00009268,0.00000038,1.125
2020-03-29,27,"North Carolina",1167,6,10488084,0.00011127,0.00000057,1.1
2020-03-10,0,"North Dakota",0,0,762062,0,0,0.001
2020-03-11,1,"North Dakota",1,0,762062,0.00000131,0,0.001
2020-03-12,2,"North Dakota",1,0,762062,0.00000131,0,0.001
2020-03-13,3,"North Dakota",1,0,762062,0.00000131,0,0.001
2020-03-14,4,"North Dakota",1,0,762062,0.00000131,0,0.001
2020-03-15,5,"North Dakota",1,0,762062,0.00000131,0,0.001
2020-03-16,6,"North Dakota",1,0,762062,0.00000131,0,0.001
2020-03-17,7,"North Dakota",5,0,762062,0.00000656,0,1.4
2020-03-18,8,"North Dakota",7,0,762062,0.00000919,0,1.4
2020-03-19,9,"North Dakota",19,0,762062,0.00002493,0,2.4
2020-03-20,10,"North Dakota",27,0,762062,0.00003543,0,2.3
2020-03-21,11,"North Dakota",28,0,762062,0.00003674,0,1.825
2020-03-22,12,"North Dakota",30,0,762062,0.00003937,0,1.55
2020-03-23,13,"North Dakota",32,0,762062,0.00004199,0,1.325
2020-03-24,14,"North Dakota",36,0,762062,0.00004724,0,1.2
2020-03-25,15,"North Dakota",45,0,762062,0.00005905,0,1.175
2020-03-26,16,"North Dakota",58,0,762062,0.00007611,0,1.15
2020-03-27,17,"North Dakota",68,1,762062,0.00008923,0.00000131,1.1
2020-03-28,18,"North Dakota",94,1,762062,0.00012335,0.00000131,1.1
2020-03-29,19,"North Dakota",98,1,762062,0.0001286,0.00000131,1.025
2020-03-08,0,"Ohio",0,0,11689100,0,0,0.001
2020-03-09,1,"Ohio",3,0,11689100,0.00000026,0,0.001
2020-03-10,2,"Ohio",3,0,11689100,0.00000026,0,0.001
2020-03-11,3,"Ohio",4,0,11689100,0.00000034,0,1.95
2020-03-12,4,"Ohio",5,0,11689100,0.00000043,0,0.883
2020-03-13,5,"Ohio",13,0,11689100,0.00000111,0,3.6
2020-03-14,6,"Ohio",26,0,11689100,0.00000222,0,4.25
2020-03-15,7,"Ohio",37,0,11689100,0.00000317,0,3.6
2020-03-16,8,"Ohio",50,0,11689100,0.00000428,0,3.05
2020-03-17,9,"Ohio",67,0,11689100,0.00000573,0,2.65
2020-03-18,10,"Ohio",90,0,11689100,0.0000077,0,2.45
2020-03-19,11,"Ohio",120,0,11689100,0.00001027,0,2.25
2020-03-20,12,"Ohio",169,1,11689100,0.00001446,0.00000009,2.15
2020-03-21,13,"Ohio",247,3,11689100,0.00002113,0.00000026,2.15
2020-03-22,14,"Ohio",351,3,11689100,0.00003003,0.00000026,2.1
2020-03-23,15,"Ohio",444,6,11689100,0.00003798,0.00000051,1.95
2020-03-24,16,"Ohio",564,8,11689100,0.00004825,0.00000068,1.85
2020-03-25,17,"Ohio",706,11,11689100,0.0000604,0.00000094,1.75
2020-03-26,18,"Ohio",867,15,11689100,0.00007417,0.00000128,1.675
2020-03-27,19,"Ohio",1144,22,11689100,0.00009787,0.00000188,1.625
2020-03-28,20,"Ohio",1406,25,11689100,0.00012028,0.00000214,1.55
2020-03-29,21,"Ohio",1665,30,11689100,0.00014244,0.00000257,1.475
2020-03-05,0,"Oklahoma",0,0,3956971,0,0,0.001
2020-03-06,1,"Oklahoma",1,0,3956971,0.00000025,0,0.001
2020-03-07,2,"Oklahoma",1,0,3956971,0.00000025,0,0.001
2020-03-08,3,"Oklahoma",1,0,3956971,0.00000025,0,0.001
2020-03-09,4,"Oklahoma",1,0,3956971,0.00000025,0,0.001
2020-03-10,5,"Oklahoma",2,0,3956971,0.00000051,0,0.667
2020-03-11,6,"Oklahoma",2,0,3956971,0.00000051,0,0.249
2020-03-12,7,"Oklahoma",2,0,3956971,0.00000051,0,0.093
2020-03-13,8,"Oklahoma",3,0,3956971,0.00000076,0,0.373
2020-03-14,9,"Oklahoma",4,0,3956971,0.00000101,0,0.481
2020-03-15,10,"Oklahoma",8,0,3956971,0.00000202,0,0.899
2020-03-16,11,"Oklahoma",10,0,3956971,0.00000253,0,0.881
2020-03-17,12,"Oklahoma",18,0,3956971,0.00000455,0,1.125
2020-03-18,13,"Oklahoma",29,0,3956971,0.00000733,0,1.275
2020-03-19,14,"Oklahoma",44,1,3956971,0.00001112,0.00000025,1.35
2020-03-20,15,"Oklahoma",49,1,3956971,0.00001238,0.00000025,1.225
2020-03-21,16,"Oklahoma",53,1,3956971,0.00001339,0.00000025,1.1
2020-03-22,17,"Oklahoma",67,2,3956971,0.00001693,0.00000051,1.075
2020-03-23,18,"Oklahoma",81,2,3956971,0.00002047,0.00000051,1.05
2020-03-24,19,"Oklahoma",106,3,3956971,0.00002679,0.00000076,1.05
2020-03-25,20,"Oklahoma",164,5,3956971,0.00004145,0.00000126,1.125
2020-03-26,21,"Oklahoma",248,7,3956971,0.00006267,0.00000177,1.175
2020-03-27,22,"Oklahoma",322,8,3956971,0.00008138,0.00000202,1.15
2020-03-28,23,"Oklahoma",377,15,3956971,0.00009527,0.00000379,1.125
2020-03-29,24,"Oklahoma",429,16,3956971,0.00010842,0.00000404,1.075
2020-02-27,0,"Oregon",0,0,4217737,0,0,0.001
2020-02-28,1,"Oregon",1,0,4217737,0.00000024,0,0.001
2020-02-29,2,"Oregon",1,0,4217737,0.00000024,0,0.001
2020-03-01,3,"Oregon",2,0,4217737,0.00000047,0,9.5
2020-03-02,4,"Oregon",2,0,4217737,0.00000047,0,1.85
2020-03-03,5,"Oregon",2,0,4217737,0.00000047,0,0.551
2020-03-04,6,"Oregon",2,0,4217737,0.00000047,0,0.183
2020-03-05,7,"Oregon",2,0,4217737,0.00000047,0,0.051
2020-03-06,8,"Oregon",2,0,4217737,0.00000047,0,0.001
2020-03-07,9,"Oregon",6,0,4217737,0.00000142,0,0.837
2020-03-08,10,"Oregon",13,0,4217737,0.00000308,0,1.35
2020-03-09,11,"Oregon",13,0,4217737,0.00000308,0,1.075
2020-03-10,12,"Oregon",14,0,4217737,0.00000332,0,0.929
2020-03-11,13,"Oregon",20,0,4217737,0.00000474,0,0.995
2020-03-12,14,"Oregon",30,0,4217737,0.00000711,0,1.075
2020-03-13,15,"Oregon",30,0,4217737,0.00000711,0,0.935
2020-03-14,16,"Oregon",36,1,4217737,0.00000854,0.00000024,0.903
2020-03-15,17,"Oregon",39,1,4217737,0.00000925,0.00000024,0.835
2020-03-16,18,"Oregon",46,1,4217737,0.00001091,0.00000024,0.809
2020-03-17,19,"Oregon",66,2,4217737,0.00001565,0.00000047,0.859
2020-03-18,20,"Oregon",74,3,4217737,0.00001754,0.00000071,0.817
2020-03-19,21,"Oregon",87,3,4217737,0.00002063,0.00000071,0.797
2020-03-20,22,"Oregon",114,3,4217737,0.00002703,0.00000071,0.811
2020-03-21,23,"Oregon",137,4,4217737,0.00003248,0.00000095,0.799
2020-03-22,24,"Oregon",161,5,4217737,0.00003817,0.00000119,0.783
2020-03-23,25,"Oregon",191,5,4217737,0.00004528,0.00000119,0.771
2020-03-24,26,"Oregon",209,8,4217737,0.00004955,0.0000019,0.743
2020-03-25,27,"Oregon",266,10,4217737,0.00006307,0.00000237,0.749
2020-03-26,28,"Oregon",316,11,4217737,0.00007492,0.00000261,0.741
2020-03-27,29,"Oregon",414,12,4217737,0.00009816,0.00000285,0.753
2020-03-28,30,"Oregon",479,13,4217737,0.00011357,0.00000308,0.739
2020-03-29,31,"Oregon",548,13,4217737,0.00012993,0.00000308,0.725
2020-03-05,0,"Pennsylvania",0,0,12801989,0,0,0.001
2020-03-06,1,"Pennsylvania",2,0,12801989,0.00000016,0,0.001
2020-03-07,2,"Pennsylvania",4,0,12801989,0.00000031,0,0.001
2020-03-08,3,"Pennsylvania",6,0,12801989,0.00000047,0,20
2020-03-09,4,"Pennsylvania",10,0,12801989,0.00000078,0,11
2020-03-10,5,"Pennsylvania",12,0,12801989,0.00000094,0,5.5
2020-03-11,6,"Pennsylvania",16,0,12801989,0.00000125,0,3.9
2020-03-12,7,"Pennsylvania",22,0,12801989,0.00000172,0,3.2
2020-03-13,8,"Pennsylvania",41,0,12801989,0.0000032,0,3.5
2020-03-14,9,"Pennsylvania",47,0,12801989,0.00000367,0,2.75
2020-03-15,10,"Pennsylvania",68,0,12801989,0.00000531,0,2.6
2020-03-16,11,"Pennsylvania",81,0,12801989,0.00000633,0,2.25
2020-03-17,12,"Pennsylvania",101,0,12801989,0.00000789,0,2.05
2020-03-18,13,"Pennsylvania",139,1,12801989,0.00001086,0.00000008,1.975
2020-03-19,14,"Pennsylvania",187,1,12801989,0.00001461,0.00000008,1.9
2020-03-20,15,"Pennsylvania",269,1,12801989,0.00002101,0.00000008,1.875
2020-03-21,16,"Pennsylvania",388,2,12801989,0.00003031,0.00000016,1.875
2020-03-22,17,"Pennsylvania",504,3,12801989,0.00003937,0.00000023,1.8
2020-03-23,18,"Pennsylvania",644,6,12801989,0.0000503,0.00000047,1.725
2020-03-24,19,"Pennsylvania",851,7,12801989,0.00006647,0.00000055,1.675
2020-03-25,20,"Pennsylvania",1151,11,12801989,0.00008991,0.00000086,1.65
2020-03-26,21,"Pennsylvania",1690,16,12801989,0.00013201,0.00000125,1.675
2020-03-27,22,"Pennsylvania",2218,23,12801989,0.00017325,0.0000018,1.625
2020-03-28,23,"Pennsylvania",2815,35,12801989,0.00021989,0.00000273,1.6
2020-03-29,24,"Pennsylvania",3441,40,12801989,0.00026879,0.00000312,1.525
2020-03-12,0,"Puerto Rico",0,0,3193694,0,0,0.001
2020-03-13,1,"Puerto Rico",3,0,3193694,0.00000094,0,0.001
2020-03-14,2,"Puerto Rico",4,0,3193694,0.00000125,0,0.001
2020-03-15,3,"Puerto Rico",5,0,3193694,0.00000157,0,6
2020-03-16,4,"Puerto Rico",5,0,3193694,0.00000157,0,0.935
2020-03-17,5,"Puerto Rico",5,0,3193694,0.00000157,0,0.139
2020-03-18,6,"Puerto Rico",5,0,3193694,0.00000157,0,0.001
2020-03-19,7,"Puerto Rico",6,0,3193694,0.00000188,0,0.073
2020-03-20,8,"Puerto Rico",14,0,3193694,0.00000438,0,0.843
2020-03-21,9,"Puerto Rico",21,1,3193694,0.00000658,0.00000031,1.025
2020-03-22,10,"Puerto Rico",23,1,3193694,0.0000072,0.00000031,0.853
2020-03-23,11,"Puerto Rico",31,2,3193694,0.00000971,0.00000063,0.897
2020-03-24,12,"Puerto Rico",39,2,3193694,0.00001221,0.00000063,0.885
2020-03-25,13,"Puerto Rico",51,2,3193694,0.00001597,0.00000063,0.901
2020-03-26,14,"Puerto Rico",64,2,3193694,0.00002004,0.00000063,0.891
2020-03-27,15,"Puerto Rico",79,3,3193694,0.00002474,0.00000094,0.875
2020-03-28,16,"Puerto Rico",100,3,3193694,0.00003131,0.00000094,0.873
2020-03-29,17,"Puerto Rico",127,5,3193694,0.00003977,0.00000157,0.873
2020-02-29,0,"Rhode Island",0,0,1059361,0,0,0.001
2020-03-01,1,"Rhode Island",2,0,1059361,0.00000189,0,0.001
2020-03-02,2,"Rhode Island",2,0,1059361,0.00000189,0,0.001
2020-03-03,3,"Rhode Island",2,0,1059361,0.00000189,0,0.001
2020-03-04,4,"Rhode Island",2,0,1059361,0.00000189,0,0.001
2020-03-05,5,"Rhode Island",2,0,1059361,0.00000189,0,0.001
2020-03-06,6,"Rhode Island",3,0,1059361,0.00000283,0,0.001
2020-03-07,7,"Rhode Island",3,0,1059361,0.00000283,0,0.001
2020-03-08,8,"Rhode Island",3,0,1059361,0.00000283,0,0.001
2020-03-09,9,"Rhode Island",3,0,1059361,0.00000283,0,0.001
2020-03-10,10,"Rhode Island",5,0,1059361,0.00000472,0,0.081
2020-03-11,11,"Rhode Island",5,0,1059361,0.00000472,0,0.057
2020-03-12,12,"Rhode Island",5,0,1059361,0.00000472,0,0.043
2020-03-13,13,"Rhode Island",20,0,1059361,0.00001888,0,0.599
2020-03-14,14,"Rhode Island",20,0,1059361,0.00001888,0,0.515
2020-03-15,15,"Rhode Island",20,0,1059361,0.00001888,0,0.449
2020-03-16,16,"Rhode Island",21,0,1059361,0.00001982,0,0.415
2020-03-17,17,"Rhode Island",23,0,1059361,0.00002171,0,0.399
2020-03-18,18,"Rhode Island",33,0,1059361,0.00003115,0,0.465
2020-03-19,19,"Rhode Island",44,0,1059361,0.00004153,0,0.505
2020-03-20,20,"Rhode Island",44,0,1059361,0.00004153,0,0.463
2020-03-21,21,"Rhode Island",66,0,1059361,0.0000623,0,0.527
2020-03-22,22,"Rhode Island",83,0,1059361,0.00007835,0,0.543
2020-03-23,23,"Rhode Island",106,0,1059361,0.00010006,0,0.561
2020-03-24,24,"Rhode Island",124,0,1059361,0.00011705,0,0.557
2020-03-25,25,"Rhode Island",132,0,1059361,0.0001246,0,0.535
2020-03-26,26,"Rhode Island",165,0,1059361,0.00015575,0,0.545
2020-03-27,27,"Rhode Island",203,0,1059361,0.00019162,0,0.553
2020-03-28,28,"Rhode Island",239,2,1059361,0.00022561,0.00000189,0.553
2020-03-29,29,"Rhode Island",294,3,1059361,0.00027753,0.00000283,0.559
2020-03-05,0,"South Carolina",0,0,5148714,0,0,0.001
2020-03-06,1,"South Carolina",2,0,5148714,0.00000039,0,0.001
2020-03-07,2,"South Carolina",2,0,5148714,0.00000039,0,0.001
2020-03-08,3,"South Carolina",6,0,5148714,0.00000117,0,20
2020-03-09,4,"South Carolina",7,0,5148714,0.00000136,0,7
2020-03-10,5,"South Carolina",9,0,5148714,0.00000175,0,3.85
2020-03-11,6,"South Carolina",10,0,5148714,0.00000194,0,2.3
2020-03-12,7,"South Carolina",12,0,5148714,0.00000233,0,1.75
2020-03-13,8,"South Carolina",13,0,5148714,0.00000252,0,1.275
2020-03-14,9,"South Carolina",19,0,5148714,0.00000369,0,1.375
2020-03-15,10,"South Carolina",28,0,5148714,0.00000544,0,1.45
2020-03-16,11,"South Carolina",33,1,5148714,0.00000641,0.00000019,1.3
2020-03-17,12,"South Carolina",47,1,5148714,0.00000913,0.00000019,1.325
2020-03-18,13,"South Carolina",60,1,5148714,0.00001165,0.00000019,1.275
2020-03-19,14,"South Carolina",81,1,5148714,0.00001573,0.00000019,1.275
2020-03-20,15,"South Carolina",126,3,5148714,0.00002447,0.00000058,1.375
2020-03-21,16,"South Carolina",172,3,5148714,0.00003341,0.00000058,1.375
2020-03-22,17,"South Carolina",194,3,5148714,0.00003768,0.00000058,1.25
2020-03-23,18,"South Carolina",299,5,5148714,0.00005807,0.00000097,1.325
2020-03-24,19,"South Carolina",342,7,5148714,0.00006642,0.00000136,1.25
2020-03-25,20,"South Carolina",424,7,5148714,0.00008235,0.00000136,1.225
2020-03-26,21,"South Carolina",456,9,5148714,0.00008857,0.00000175,1.125
2020-03-27,22,"South Carolina",539,13,5148714,0.00010469,0.00000252,1.1
2020-03-28,23,"South Carolina",660,15,5148714,0.00012819,0.00000291,1.075
2020-03-29,24,"South Carolina",774,16,5148714,0.00015033,0.00000311,1.025
2020-03-09,0,"South Dakota",0,0,884659,0,0,0.001
2020-03-10,1,"South Dakota",5,1,884659,0.00000565,0.00000113,0.001
2020-03-11,2,"South Dakota",8,1,884659,0.00000904,0.00000113,0.001
2020-03-12,3,"South Dakota",8,1,884659,0.00000904,0.00000113,5
2020-03-13,4,"South Dakota",9,1,884659,0.00001017,0.00000113,1.35
2020-03-14,5,"South Dakota",9,1,884659,0.00001017,0.00000113,0.325
2020-03-15,6,"South Dakota",9,1,884659,0.00001017,0.00000113,0.055
2020-03-16,7,"South Dakota",10,1,884659,0.0000113,0.00000113,0.073
2020-03-17,8,"South Dakota",11,1,884659,0.00001243,0.00000113,0.087
2020-03-18,9,"South Dakota",11,1,884659,0.00001243,0.00000113,0.043
2020-03-19,10,"South Dakota",14,1,884659,0.00001583,0.00000113,0.143
2020-03-20,11,"South Dakota",14,1,884659,0.00001583,0.00000113,0.107
2020-03-21,12,"South Dakota",14,1,884659,0.00001583,0.00000113,0.085
2020-03-22,13,"South Dakota",21,1,884659,0.00002374,0.00000113,0.211
2020-03-23,14,"South Dakota",28,1,884659,0.00003165,0.00000113,0.283
2020-03-24,15,"South Dakota",30,1,884659,0.00003391,0.00000113,0.269
2020-03-25,16,"South Dakota",41,1,884659,0.00004635,0.00000113,0.335
2020-03-26,17,"South Dakota",46,1,884659,0.000052,0.00000113,0.333
2020-03-27,18,"South Dakota",58,1,884659,0.00006556,0.00000113,0.365
2020-03-28,19,"South Dakota",68,1,884659,0.00007687,0.00000113,0.373
2020-03-29,20,"South Dakota",90,1,884659,0.00010173,0.00000113,0.411
2020-03-04,0,"Tennessee",0,0,6829174,0,0,0.001
2020-03-05,1,"Tennessee",1,0,6829174,0.00000015,0,0.001
2020-03-06,2,"Tennessee",1,0,6829174,0.00000015,0,0.001
2020-03-07,3,"Tennessee",1,0,6829174,0.00000015,0,0.001
2020-03-08,4,"Tennessee",3,0,6829174,0.00000044,0,5
2020-03-09,5,"Tennessee",4,0,6829174,0.00000059,0,3.2
2020-03-10,6,"Tennessee",7,0,6829174,0.00000103,0,3.4
2020-03-11,7,"Tennessee",8,0,6829174,0.00000117,0,2.35
2020-03-12,8,"Tennessee",18,0,6829174,0.00000264,0,3.2
2020-03-13,9,"Tennessee",26,0,6829174,0.00000381,0,2.95
2020-03-14,10,"Tennessee",32,0,6829174,0.00000469,0,2.5
2020-03-15,11,"Tennessee",39,0,6829174,0.00000571,0,2.2
2020-03-16,12,"Tennessee",52,0,6829174,0.00000761,0,2.05
2020-03-17,13,"Tennessee",73,0,6829174,0.00001069,0,2
2020-03-18,14,"Tennessee",98,0,6829174,0.00001435,0,1.925
2020-03-19,15,"Tennessee",155,0,6829174,0.0000227,0,1.975
2020-03-20,16,"Tennessee",237,0,6829174,0.0000347,0,2
2020-03-21,17,"Tennessee",312,2,6829174,0.00004569,0.00000029,1.925
2020-03-22,18,"Tennessee",424,2,6829174,0.00006209,0.00000029,1.9
2020-03-23,19,"Tennessee",522,2,6829174,0.00007644,0.00000029,1.8
2020-03-24,20,"Tennessee",679,2,6829174,0.00009943,0.00000029,1.75
2020-03-25,21,"Tennessee",784,3,6829174,0.0001148,0.00000044,1.625
2020-03-26,22,"Tennessee",981,3,6829174,0.00014365,0.00000044,1.575
2020-03-27,23,"Tennessee",1062,6,6829174,0.00015551,0.00000088,1.475
2020-03-28,24,"Tennessee",1373,6,6829174,0.00020105,0.00000088,1.45
2020-03-29,25,"Tennessee",1537,7,6829174,0.00022506,0.00000103,1.375
2020-03-04,0,"Texas",0,0,28995881,0,0,0.001
2020-03-05,1,"Texas",4,0,28995881,0.00000014,0,0.001
2020-03-06,2,"Texas",5,0,28995881,0.00000017,0,0.001
2020-03-07,3,"Texas",5,0,28995881,0.00000017,0,0.889
2020-03-08,4,"Texas",5,0,28995881,0.00000017,0,0.001
2020-03-09,5,"Texas",12,0,28995881,0.00000041,0,1.875
2020-03-10,6,"Texas",16,0,28995881,0.00000055,0,1.625
2020-03-11,7,"Texas",21,0,28995881,0.00000072,0,1.45
2020-03-12,8,"Texas",21,0,28995881,0.00000072,0,0.967
2020-03-13,9,"Texas",23,0,28995881,0.00000079,0,0.789
2020-03-14,10,"Texas",23,0,28995881,0.00000079,0,0.601
2020-03-15,11,"Texas",57,0,28995881,0.00000197,0,1.15
2020-03-16,12,"Texas",57,0,28995881,0.00000197,0,0.941
2020-03-17,13,"Texas",64,1,28995881,0.00000221,0.00000003,0.855
2020-03-18,14,"Texas",83,2,28995881,0.00000286,0.00000007,0.867
2020-03-19,15,"Texas",143,3,28995881,0.00000493,0.0000001,1.025
2020-03-20,16,"Texas",194,5,28995881,0.00000669,0.00000017,1.05
2020-03-21,17,"Texas",306,5,28995881,0.00001055,0.00000017,1.125
2020-03-22,18,"Texas",331,5,28995881,0.00001142,0.00000017,1.05
2020-03-23,19,"Texas",352,8,28995881,0.00001214,0.00000028,0.965
2020-03-24,20,"Texas",715,10,28995881,0.00002466,0.00000034,1.15
2020-03-25,21,"Texas",974,12,28995881,0.00003359,0.00000041,1.15
2020-03-26,22,"Texas",1396,17,28995881,0.00004814,0.00000059,1.175
2020-03-27,23,"Texas",1731,23,28995881,0.0000597,0.00000079,1.15
2020-03-28,24,"Texas",2052,27,28995881,0.00007077,0.00000093,1.125
2020-03-29,25,"Texas",2552,34,28995881,0.00008801,0.00000117,1.1
2020-03-30,26,"Texas",2877,38,28995881,0.00009922,0.00000131,1.05
2020-02-24,0,"Utah",0,0,3205958,0,0,0.001
2020-02-25,1,"Utah",1,0,3205958,0.00000031,0,0.001
2020-02-26,2,"Utah",1,0,3205958,0.00000031,0,0.001
2020-02-27,3,"Utah",1,0,3205958,0.00000031,0,0.001
2020-02-28,4,"Utah",1,0,3205958,0.00000031,0,0.001
2020-02-29,5,"Utah",1,0,3205958,0.00000031,0,0.001
2020-03-01,6,"Utah",1,0,3205958,0.00000031,0,0.001
2020-03-02,7,"Utah",1,0,3205958,0.00000031,0,0.001
2020-03-03,8,"Utah",1,0,3205958,0.00000031,0,0.001
2020-03-04,9,"Utah",1,0,3205958,0.00000031,0,0.001
2020-03-05,10,"Utah",1,0,3205958,0.00000031,0,0.001
2020-03-06,11,"Utah",3,0,3205958,0.00000094,0,0.145
2020-03-07,12,"Utah",3,0,3205958,0.00000094,0,0.115
2020-03-08,13,"Utah",3,0,3205958,0.00000094,0,0.095
2020-03-09,14,"Utah",3,0,3205958,0.00000094,0,0.081
2020-03-10,15,"Utah",4,0,3205958,0.00000125,0,0.147
2020-03-11,16,"Utah",5,0,3205958,0.00000156,0,0.191
2020-03-12,17,"Utah",7,0,3205958,0.00000218,0,0.259
2020-03-13,18,"Utah",7,0,3205958,0.00000218,0,0.235
2020-03-14,19,"Utah",21,0,3205958,0.00000655,0,0.493
2020-03-15,20,"Utah",29,0,3205958,0.00000905,0,0.539
2020-03-16,21,"Utah",40,0,3205958,0.00001248,0,0.579
2020-03-17,22,"Utah",51,0,3205958,0.00001591,0,0.595
2020-03-18,23,"Utah",65,0,3205958,0.00002027,0,0.611
2020-03-19,24,"Utah",80,0,3205958,0.00002495,0,0.617
2020-03-20,25,"Utah",112,0,3205958,0.00003493,0,0.651
2020-03-21,26,"Utah",138,0,3205958,0.00004304,0,0.653
2020-03-22,27,"Utah",182,1,3205958,0.00005677,0.00000031,0.671
2020-03-23,28,"Utah",257,1,3205958,0.00008016,0.00000031,0.701
2020-03-24,29,"Utah",298,1,3205958,0.00009295,0.00000031,0.691
2020-03-25,30,"Utah",346,1,3205958,0.00010792,0.00000031,0.681
2020-03-26,31,"Utah",402,1,3205958,0.00012539,0.00000031,0.673
2020-03-27,32,"Utah",480,2,3205958,0.00014972,0.00000062,0.669
2020-03-28,33,"Utah",608,2,3205958,0.00018965,0.00000062,0.677
2020-03-29,34,"Utah",719,2,3205958,0.00022427,0.00000062,0.671
2020-03-06,0,"Vermont",0,0,623989,0,0,0.001
2020-03-07,1,"Vermont",1,0,623989,0.0000016,0,0.001
2020-03-08,2,"Vermont",1,0,623989,0.0000016,0,0.001
2020-03-09,3,"Vermont",1,0,623989,0.0000016,0,0.001
2020-03-10,4,"Vermont",1,0,623989,0.0000016,0,0.001
2020-03-11,5,"Vermont",2,0,623989,0.00000321,0,0.619
2020-03-12,6,"Vermont",2,0,623989,0.00000321,0,0.221
2020-03-13,7,"Vermont",2,0,623989,0.00000321,0,0.077
2020-03-14,8,"Vermont",5,0,623989,0.00000801,0,0.933
2020-03-15,9,"Vermont",8,0,623989,0.00001282,0,1.175
2020-03-16,10,"Vermont",12,0,623989,0.00001923,0,1.275
2020-03-17,11,"Vermont",14,0,623989,0.00002244,0,1.15
2020-03-18,12,"Vermont",19,0,623989,0.00003045,0,1.175
2020-03-19,13,"Vermont",22,2,623989,0.00003526,0.00000321,1.075
2020-03-20,14,"Vermont",29,2,623989,0.00004648,0.00000321,1.075
2020-03-21,15,"Vermont",49,2,623989,0.00007853,0.00000321,1.225
2020-03-22,16,"Vermont",52,2,623989,0.00008333,0.00000321,1.1
2020-03-23,17,"Vermont",75,2,623989,0.00012019,0.00000321,1.125
2020-03-24,18,"Vermont",95,7,623989,0.00015225,0.00001122,1.125
2020-03-25,19,"Vermont",123,8,623989,0.00019712,0.00001282,1.1
2020-03-26,20,"Vermont",158,9,623989,0.00025321,0.00001442,1.1
2020-03-27,21,"Vermont",184,10,623989,0.00029488,0.00001603,1.05
2020-03-28,22,"Vermont",211,12,623989,0.00033815,0.00001923,1
2020-03-29,23,"Vermont",235,12,623989,0.00037661,0.00001923,0.961
2020-03-06,0,"Virginia",0,0,8535519,0,0,0.001
2020-03-07,1,"Virginia",1,0,8535519,0.00000012,0,0.001
2020-03-08,2,"Virginia",2,0,8535519,0.00000023,0,0.001
2020-03-09,3,"Virginia",5,0,8535519,0.00000059,0,20
2020-03-10,4,"Virginia",8,0,8535519,0.00000094,0,20
2020-03-11,5,"Virginia",10,0,8535519,0.00000117,0,9.5
2020-03-12,6,"Virginia",17,0,8535519,0.00000199,0,8
2020-03-13,7,"Virginia",30,0,8535519,0.00000351,0,7
2020-03-14,8,"Virginia",42,1,8535519,0.00000492,0.00000012,5.5
2020-03-15,9,"Virginia",45,1,8535519,0.00000527,0.00000012,4.1
2020-03-16,10,"Virginia",51,1,8535519,0.00000598,0.00000012,3.3
2020-03-17,11,"Virginia",67,2,8535519,0.00000785,0.00000023,2.95
2020-03-18,12,"Virginia",78,2,8535519,0.00000914,0.00000023,2.5
2020-03-19,13,"Virginia",94,2,8535519,0.00001101,0.00000023,2.25
2020-03-20,14,"Virginia",115,2,8535519,0.00001347,0.00000023,2.05
2020-03-21,15,"Virginia",152,3,8535519,0.00001781,0.00000035,1.975
2020-03-22,16,"Virginia",219,6,8535519,0.00002566,0.0000007,1.95
2020-03-23,17,"Virginia",254,6,8535519,0.00002976,0.0000007,1.8
2020-03-24,18,"Virginia",290,7,8535519,0.00003398,0.00000082,1.675
2020-03-25,19,"Virginia",391,9,8535519,0.00004581,0.00000105,1.65
2020-03-26,20,"Virginia",604,14,8535519,0.00007076,0.00000164,1.675
2020-03-27,21,"Virginia",606,14,8535519,0.000071,0.00000164,1.525
2020-03-28,22,"Virginia",740,17,8535519,0.0000867,0.00000199,1.475
2020-03-29,23,"Virginia",890,22,8535519,0.00010427,0.00000258,1.4
2020-01-20,0,"Washington",0,0,7614893,0,0,0.001
2020-01-21,1,"Washington",1,0,7614893,0.00000013,0,0.001
2020-01-22,2,"Washington",1,0,7614893,0.00000013,0,0.001
2020-01-23,3,"Washington",1,0,7614893,0.00000013,0,0.001
2020-01-24,4,"Washington",1,0,7614893,0.00000013,0,0.001
2020-01-25,5,"Washington",1,0,7614893,0.00000013,0,0.001
2020-01-26,6,"Washington",1,0,7614893,0.00000013,0,0.001
2020-01-27,7,"Washington",1,0,7614893,0.00000013,0,0.001
2020-01-28,8,"Washington",1,0,7614893,0.00000013,0,0.001
2020-01-29,9,"Washington",1,0,7614893,0.00000013,0,0.001
2020-01-30,10,"Washington",1,0,7614893,0.00000013,0,0.001
2020-01-31,11,"Washington",1,0,7614893,0.00000013,0,0.001
2020-02-01,12,"Washington",1,0,7614893,0.00000013,0,0.001
2020-02-02,13,"Washington",1,0,7614893,0.00000013,0,0.001
2020-02-03,14,"Washington",1,0,7614893,0.00000013,0,0.001
2020-02-04,15,"Washington",1,0,7614893,0.00000013,0,0.001
2020-02-05,16,"Washington",1,0,7614893,0.00000013,0,0.001
2020-02-06,17,"Washington",1,0,7614893,0.00000013,0,0.001
2020-02-07,18,"Washington",1,0,7614893,0.00000013,0,0.001
2020-02-08,19,"Washington",1,0,7614893,0.00000013,0,0.001
2020-02-09,20,"Washington",1,0,7614893,0.00000013,0,0.001
2020-02-10,21,"Washington",1,0,7614893,0.00000013,0,0.001
2020-02-11,22,"Washington",1,0,7614893,0.00000013,0,0.001
2020-02-12,23,"Washington",1,0,7614893,0.00000013,0,0.001
2020-02-13,24,"Washington",1,0,7614893,0.00000013,0,0.001
2020-02-14,25,"Washington",1,0,7614893,0.00000013,0,0.001
2020-02-15,26,"Washington",1,0,7614893,0.00000013,0,0.001
2020-02-16,27,"Washington",1,0,7614893,0.00000013,0,0.001
2020-02-17,28,"Washington",1,0,7614893,0.00000013,0,0.001
2020-02-18,29,"Washington",1,0,7614893,0.00000013,0,0.001
2020-02-19,30,"Washington",1,0,7614893,0.00000013,0,0.001
2020-02-20,31,"Washington",1,0,7614893,0.00000013,0,0.001
2020-02-21,32,"Washington",1,0,7614893,0.00000013,0,0.001
2020-02-22,33,"Washington",1,0,7614893,0.00000013,0,0.001
2020-02-23,34,"Washington",1,0,7614893,0.00000013,0,0.001
2020-02-24,35,"Washington",5,0,7614893,0.00000066,0,0.075
2020-02-25,36,"Washington",5,0,7614893,0.00000066,0,0.075
2020-02-26,37,"Washington",5,0,7614893,0.00000066,0,0.073
2020-02-27,38,"Washington",5,0,7614893,0.00000066,0,0.071
2020-02-28,39,"Washington",7,0,7614893,0.00000092,0,0.099
2020-02-29,40,"Washington",10,1,7614893,0.00000131,0.00000013,0.125
2020-03-01,41,"Washington",17,3,7614893,0.00000223,0.00000039,0.165
2020-03-02,42,"Washington",23,6,7614893,0.00000302,0.00000079,0.185
2020-03-03,43,"Washington",32,10,7614893,0.0000042,0.00000131,0.205
2020-03-04,44,"Washington",47,11,7614893,0.00000617,0.00000144,0.229
2020-03-05,45,"Washington",75,11,7614893,0.00000985,0.00000144,0.259
2020-03-06,46,"Washington",86,12,7614893,0.00001129,0.00000158,0.263
2020-03-07,47,"Washington",110,16,7614893,0.00001445,0.0000021,0.275
2020-03-08,48,"Washington",141,19,7614893,0.00001852,0.0000025,0.287
2020-03-09,49,"Washington",179,22,7614893,0.00002351,0.00000289,0.297
2020-03-10,50,"Washington",279,24,7614893,0.00003664,0.00000315,0.321
2020-03-11,51,"Washington",338,29,7614893,0.00004439,0.00000381,0.329
2020-03-12,52,"Washington",419,32,7614893,0.00005502,0.0000042,0.335
2020-03-13,53,"Washington",511,37,7614893,0.00006711,0.00000486,0.343
2020-03-14,54,"Washington",609,40,7614893,0.00007997,0.00000525,0.347
2020-03-15,55,"Washington",675,42,7614893,0.00008864,0.00000552,0.347
2020-03-16,56,"Washington",794,48,7614893,0.00010427,0.0000063,0.349
2020-03-17,57,"Washington",908,54,7614893,0.00011924,0.00000709,0.351
2020-03-18,58,"Washington",1026,68,7614893,0.00013474,0.00000893,0.351
2020-03-19,59,"Washington",1228,75,7614893,0.00016126,0.00000985,0.355
2020-03-20,60,"Washington",1404,83,7614893,0.00018438,0.0000109,0.357
2020-03-21,61,"Washington",1655,95,7614893,0.00021734,0.00001248,0.359
2020-03-22,62,"Washington",1844,97,7614893,0.00024216,0.00001274,0.359
2020-03-23,63,"Washington",2101,110,7614893,0.00027591,0.00001445,0.361
2020-03-24,64,"Washington",2469,123,7614893,0.00032423,0.00001615,0.363
2020-03-25,65,"Washington",2585,130,7614893,0.00033947,0.00001707,0.359
2020-03-26,66,"Washington",3208,151,7614893,0.00042128,0.00001983,0.365
2020-03-27,67,"Washington",3770,177,7614893,0.00049508,0.00002324,0.367
2020-03-28,68,"Washington",4311,191,7614893,0.00056613,0.00002508,0.369
2020-03-29,69,"Washington",4896,207,7614893,0.00064295,0.00002718,0.369
2020-03-16,0,"West Virginia",0,0,1792147,0,0,0.001
2020-03-17,1,"West Virginia",1,0,1792147,0.00000056,0,0.001
2020-03-18,2,"West Virginia",2,0,1792147,0.00000112,0,0.001
2020-03-19,3,"West Virginia",5,0,1792147,0.00000279,0,20
2020-03-20,4,"West Virginia",8,0,1792147,0.00000446,0,20
2020-03-21,5,"West Virginia",12,0,1792147,0.0000067,0,11.5
2020-03-22,6,"West Virginia",16,0,1792147,0.00000893,0,7.5
2020-03-23,7,"West Virginia",16,0,1792147,0.00000893,0,4.45
2020-03-24,8,"West Virginia",39,0,1792147,0.00002176,0,5.5
2020-03-25,9,"West Virginia",51,0,1792147,0.00002846,0,4.45
2020-03-26,10,"West Virginia",76,0,1792147,0.00004241,0,4.1
2020-03-27,11,"West Virginia",96,0,1792147,0.00005357,0,3.55
2020-03-28,12,"West Virginia",113,0,1792147,0.00006305,0,3
2020-03-29,13,"West Virginia",124,1,1792147,0.00006919,0.00000056,2.55
2020-02-04,0,"Wisconsin",0,0,5822434,0,0,0.001
2020-02-05,1,"Wisconsin",1,0,5822434,0.00000017,0,0.001
2020-02-06,2,"Wisconsin",1,0,5822434,0.00000017,0,0.001
2020-02-07,3,"Wisconsin",1,0,5822434,0.00000017,0,0.001
2020-02-08,4,"Wisconsin",1,0,5822434,0.00000017,0,0.001
2020-02-09,5,"Wisconsin",1,0,5822434,0.00000017,0,0.001
2020-02-10,6,"Wisconsin",1,0,5822434,0.00000017,0,0.001
2020-02-11,7,"Wisconsin",1,0,5822434,0.00000017,0,0.001
2020-02-12,8,"Wisconsin",1,0,5822434,0.00000017,0,0.001
2020-02-13,9,"Wisconsin",1,0,5822434,0.00000017,0,0.001
2020-02-14,10,"Wisconsin",1,0,5822434,0.00000017,0,0.001
2020-02-15,11,"Wisconsin",1,0,5822434,0.00000017,0,0.001
2020-02-16,12,"Wisconsin",1,0,5822434,0.00000017,0,0.001
2020-02-17,13,"Wisconsin",1,0,5822434,0.00000017,0,0.001
2020-02-18,14,"Wisconsin",1,0,5822434,0.00000017,0,0.001
2020-02-19,15,"Wisconsin",1,0,5822434,0.00000017,0,0.001
2020-02-20,16,"Wisconsin",1,0,5822434,0.00000017,0,0.001
2020-02-21,17,"Wisconsin",1,0,5822434,0.00000017,0,0.001
2020-02-22,18,"Wisconsin",1,0,5822434,0.00000017,0,0.001
2020-02-23,19,"Wisconsin",1,0,5822434,0.00000017,0,0.001
2020-02-24,20,"Wisconsin",1,0,5822434,0.00000017,0,0.001
2020-02-25,21,"Wisconsin",1,0,5822434,0.00000017,0,0.001
2020-02-26,22,"Wisconsin",1,0,5822434,0.00000017,0,0.001
2020-02-27,23,"Wisconsin",1,0,5822434,0.00000017,0,0.001
2020-02-28,24,"Wisconsin",1,0,5822434,0.00000017,0,0.001
2020-02-29,25,"Wisconsin",1,0,5822434,0.00000017,0,0.001
2020-03-01,26,"Wisconsin",1,0,5822434,0.00000017,0,0.001
2020-03-02,27,"Wisconsin",1,0,5822434,0.00000017,0,0.001
2020-03-03,28,"Wisconsin",1,0,5822434,0.00000017,0,0.001
2020-03-04,29,"Wisconsin",1,0,5822434,0.00000017,0,0.001
2020-03-05,30,"Wisconsin",1,0,5822434,0.00000017,0,0.001
2020-03-06,31,"Wisconsin",1,0,5822434,0.00000017,0,0.001
2020-03-07,32,"Wisconsin",1,0,5822434,0.00000017,0,0.001
2020-03-08,33,"Wisconsin",1,0,5822434,0.00000017,0,0.001
2020-03-09,34,"Wisconsin",2,0,5822434,0.00000034,0,0.001
2020-03-10,35,"Wisconsin",3,0,5822434,0.00000052,0,0.025
2020-03-11,36,"Wisconsin",6,0,5822434,0.00000103,0,0.091
2020-03-12,37,"Wisconsin",8,0,5822434,0.00000137,0,0.113
2020-03-13,38,"Wisconsin",19,0,5822434,0.00000326,0,0.187
2020-03-14,39,"Wisconsin",27,0,5822434,0.00000464,0,0.211
2020-03-15,40,"Wisconsin",33,0,5822434,0.00000567,0,0.223
2020-03-16,41,"Wisconsin",47,0,5822434,0.00000807,0,0.247
2020-03-17,42,"Wisconsin",72,0,5822434,0.00001237,0,0.275
2020-03-18,43,"Wisconsin",106,0,5822434,0.00001821,0,0.301
2020-03-19,44,"Wisconsin",155,2,5822434,0.00002662,0.00000034,0.323
2020-03-20,45,"Wisconsin",216,3,5822434,0.0000371,0.00000052,0.343
2020-03-21,46,"Wisconsin",281,4,5822434,0.00004826,0.00000069,0.355
2020-03-22,47,"Wisconsin",382,4,5822434,0.00006561,0.00000069,0.371
2020-03-23,48,"Wisconsin",418,5,5822434,0.00007179,0.00000086,0.369
2020-03-24,49,"Wisconsin",481,5,5822434,0.00008261,0.00000086,0.371
2020-03-25,50,"Wisconsin",623,7,5822434,0.000107,0.0000012,0.381
2020-03-26,51,"Wisconsin",754,10,5822434,0.0001295,0.00000172,0.387
2020-03-27,52,"Wisconsin",930,16,5822434,0.00015973,0.00000275,0.393
2020-03-28,53,"Wisconsin",1042,17,5822434,0.00017896,0.00000292,0.393
2020-03-29,54,"Wisconsin",1120,17,5822434,0.00019236,0.00000292,0.389
2020-03-10,0,"Wyoming",0,0,578759,0,0,0.001
2020-03-11,1,"Wyoming",1,0,578759,0.00000173,0,0.001
2020-03-12,2,"Wyoming",1,0,578759,0.00000173,0,0.001
2020-03-13,3,"Wyoming",2,0,578759,0.00000346,0,9.5
2020-03-14,4,"Wyoming",3,0,578759,0.00000518,0,5
2020-03-15,5,"Wyoming",3,0,578759,0.00000518,0,1.975
2020-03-16,6,"Wyoming",10,0,578759,0.00001728,0,5
2020-03-17,7,"Wyoming",15,0,578759,0.00002592,0,4.25
2020-03-18,8,"Wyoming",17,0,578759,0.00002937,0,3.1
2020-03-19,9,"Wyoming",18,0,578759,0.0000311,0,2.3
2020-03-20,10,"Wyoming",22,0,578759,0.00003801,0,2
2020-03-21,11,"Wyoming",24,0,578759,0.00004147,0,1.675
2020-03-22,12,"Wyoming",26,0,578759,0.00004492,0,1.425
2020-03-23,13,"Wyoming",28,0,578759,0.00004838,0,1.225
2020-03-24,14,"Wyoming",37,0,578759,0.00006393,0,1.225
2020-03-25,15,"Wyoming",49,0,578759,0.00008466,0,1.225
2020-03-26,16,"Wyoming",56,0,578759,0.00009676,0,1.125
2020-03-27,17,"Wyoming",73,0,578759,0.00012613,0,1.125
2020-03-28,18,"Wyoming",84,0,578759,0.00014514,0,1.05
2020-03-29,19,"Wyoming",87,0,578759,0.00015032,0,0.967
